Red Pi1,Red Pm2,Red Pc2,Blue Sc2,Blue Sm1,Red Pc1,Red Pi2,Blue Sm2,Red Pm1,Blue Sc1
100.0,100.0,150.0,150.0,100.0,150.0,100.0,100.0,100.0,150.0
100.0,100.0,150.0,149.75656030133416,100.0,150.0,100.0,100.0,100.0,149.733517687342
100.0,100.0,150.0,149.48980859947378,100.0,150.0,100.0,100.0,100.0,149.49783693148476
100.0,100.0,150.0,149.27897108449417,100.0,150.0,100.0,100.0,100.0,149.23150544891217
100.0,100.0,150.0,149.25235092980364,100.0,150.0,100.0,100.0,100.0,149.05120456838782
100.0,100.0,150.0,149.01895382557072,100.0,150.0,100.0,100.0,100.0,149.02737083269926
100.0,100.0,150.0,149.11106767211237,100.0,150.0,100.0,100.0,100.0,148.7353698370591
100.0,100.0,150.0,149.09220619165782,100.0,150.0,100.0,100.0,100.0,148.55707530125466
100.0,100.0,150.0,149.42915229551642,100.0,150.0,100.0,100.0,100.0,149.41418049155268
100.0,100.0,150.0,149.35636729931971,100.0,150.0,100.0,100.0,100.0,149.6789649257333
100.0,100.0,150.0,149.1791932334066,100.0,150.0,100.0,100.0,100.0,149.38739451387707
100.0,100.0,150.0,149.43948028010556,100.0,150.0,100.0,100.0,100.0,149.10966675202226
100.0,100.0,150.0,149.40753071097046,100.0,150.0,100.0,100.0,100.0,149.08182497003676
100.0,100.0,150.0,149.37162523088512,100.0,150.0,100.0,100.0,100.0,149.09003604765465
100.0,100.0,150.0,149.29678368709713,100.0,150.0,100.0,100.0,100.0,149.0233410322335
100.0,100.0,150.0,149.52445131930426,100.0,150.0,100.0,100.0,100.0,149.1605239342552
100.0,100.0,150.0,149.31340097116492,100.0,150.0,100.0,100.0,100.0,149.59348250585649
100.0,100.0,150.0,149.32374283024984,100.0,150.0,100.0,100.0,100.0,149.3252450747301
100.0,100.0,150.0,149.29867345372608,100.0,150.0,100.0,100.0,100.0,149.21284365588664
100.0,100.0,150.0,149.49228161844988,100.0,150.0,100.0,100.0,100.0,148.85562095024687
100.0,100.0,150.0,149.2956825686184,100.0,150.0,100.0,100.0,100.0,149.33862422951117
100.0,100.0,150.0,149.4519871520904,100.0,150.0,100.0,100.0,100.0,149.32191385754908
100.0,100.0,150.0,149.1722551644282,100.0,150.0,100.0,100.0,100.0,149.2807345663086
100.0,100.0,150.0,149.32589381237048,100.0,150.0,100.0,100.0,100.0,149.20803848421266
100.0,100.0,150.0,149.36232564609153,100.0,150.0,100.0,100.0,100.0,149.3222198708071
100.0,100.0,150.0,149.51861840002633,100.0,150.0,100.0,100.0,100.0,149.04442790143662
100.0,100.0,150.0,149.14995248784308,100.0,150.0,100.0,100.0,100.0,149.2474820034459
100.0,100.0,150.0,149.01351468619907,100.0,150.0,100.0,100.0,100.0,149.25620876944254
100.0,100.0,150.0,149.43458112428266,100.0,150.0,100.0,100.0,100.0,149.2763068188952
100.0,100.0,150.0,149.17659390028896,100.0,150.0,100.0,100.0,100.0,149.15312293426922
100.0,100.0,150.0,149.3043750999952,100.0,150.0,100.0,100.0,100.0,148.99059788205278
100.0,100.0,150.0,149.01033957401938,100.0,150.0,100.0,100.0,100.0,149.42532426499844
100.0,100.0,150.0,149.4158030909284,100.0,150.0,100.0,100.0,100.0,149.06925994860637
100.0,100.0,150.0,149.15240605483544,100.0,150.0,100.0,100.0,100.0,149.29053687774515
100.0,100.0,150.0,149.10989889447995,100.0,150.0,100.0,100.0,100.0,149.43277219458318
100.0,100.0,150.0,149.25273360202803,100.0,150.0,100.0,100.0,100.0,149.1209946217192
100.0,100.0,150.0,149.3845989299304,100.0,150.0,100.0,100.0,100.0,149.07516123356564
100.0,100.0,150.0,149.0726457403239,100.0,150.0,100.0,100.0,100.0,149.12360840766482
100.0,100.0,150.0,149.2822719450885,100.0,150.0,100.0,100.0,100.0,149.37304690364905
100.0,100.0,150.0,149.24046619787387,100.0,150.0,100.0,100.0,100.0,149.22270022388133
100.0,100.0,150.0,149.26255613717746,100.0,150.0,100.0,100.0,100.0,149.13054258095502
100.0,100.0,150.0,149.2329544919791,100.0,150.0,100.0,100.0,100.0,149.14804020748502
100.0,100.0,150.0,149.19104726725598,100.0,150.0,100.0,100.0,100.0,149.13960790808244
100.0,100.0,150.0,149.1199707883007,100.0,150.0,100.0,100.0,100.0,149.08144706270102
100.0,100.0,150.0,149.0656342824151,100.0,150.0,100.0,100.0,100.0,149.02164788049387
100.0,100.0,150.0,149.2873001870325,100.0,150.0,100.0,100.0,100.0,149.27131339559438
100.0,100.0,150.0,149.1834018993808,100.0,150.0,100.0,100.0,100.0,149.35565810093627
100.0,100.0,150.0,149.01112816124567,100.0,150.0,100.0,100.0,100.0,148.96948857506817
100.0,100.0,150.0,148.7280149455462,100.0,150.0,100.0,100.0,100.0,149.019307985405
100.0,100.0,150.0,149.04378805182913,100.0,150.0,100.0,100.0,100.0,149.27652646070916
100.0,100.0,150.0,149.20188849595658,100.0,149.9771105059652,100.0,100.0,100.0,149.16249752144444
100.0,100.0,150.0,149.11225259947523,100.0,149.96125121117598,100.0,100.0,100.0,149.15561175025468
100.0,100.0,150.0,149.24460999364823,100.0,149.94585300030474,100.0,100.0,100.0,149.19924109622235
100.0,100.0,149.98845005650895,149.26812393836096,136.95819661277812,149.91544633486185,100.0,100.0,100.0,149.01598662737175
100.0,100.0,149.84715437405717,149.41223434206157,136.82128310669134,149.91544633486185,100.0,137.2392494968598,100.0,0
100.0,100.0,149.72740798471273,0,137.15916363860455,149.91544633486185,100.0,136.93904484188658,100.0,0
100.0,100.0,149.61788450396648,0,137.08304034406783,149.88893165152132,100.0,136.87897964285898,100.0,0
100.0,100.0,149.49870854872216,0,136.86875289800614,149.84088185027218,100.0,136.95594119108964,100.0,0
100.0,100.0,149.44159016511412,0,136.82077005191536,149.80581004258525,100.0,136.8155747189149,100.0,0
100.0,100.0,149.41655843117343,0,136.71998526897835,149.77550725365595,100.0,137.15716088520583,100.0,0
100.0,100.0,149.35190138877246,0,136.4956684299002,149.72216208632904,100.0,136.8805844222051,100.0,0
100.0,100.0,149.27060792852006,0,136.5331460325307,149.69283749651532,100.0,136.66613652241364,100.0,0
100.0,100.0,149.2041423884103,0,136.73108562455775,149.6413270001893,100.0,136.6418562299759,100.0,0
100.0,100.0,149.17203831481066,0,136.73101661276235,149.59865577607357,100.0,136.45254384391166,100.0,0
100.0,100.0,149.12190443410324,0,136.9291474456499,149.55506199403618,100.0,136.45819477454822,100.0,0
100.0,100.0,149.07563940307494,0,136.70920645296584,149.51765609503866,100.0,136.32143127006552,100.0,0
100.0,100.0,149.04818895982746,0,136.8098800191351,149.50633741632038,100.0,136.76238051773632,100.0,0
100.0,100.0,149.04818895982746,0,137.09209123246288,149.47921789337633,100.0,136.85798878122992,100.0,0
100.0,100.0,149.04818895982746,0,136.94165033205144,149.42565692016743,100.0,136.9439975950131,100.0,0
100.0,100.0,149.04818895982746,0,136.80764854287688,149.39235038461973,100.0,137.07763984394748,100.0,0
100.0,100.0,149.04818895982746,0,136.69969849829982,149.37628021726448,100.0,137.021628336569,100.0,0
100.0,100.0,149.04818895982746,0,136.79889586524513,149.3533585296327,100.0,137.16601705367896,100.0,0
100.0,100.0,149.04818895982746,0,136.7254998660605,149.32461344909552,100.0,137.11945621715105,100.0,0
100.0,100.0,149.04818895982746,0,136.62016408408934,149.28916687914383,100.0,137.28834464142827,100.0,0
100.0,100.0,149.04818895982746,0,136.9671011341915,149.2757828032765,100.0,137.224549564431,100.0,0
100.0,100.0,149.04818895982746,0,136.89847854898673,149.2538274422828,100.0,137.18674446029405,100.0,0
100.0,100.0,149.04818895982746,0,136.82755820375112,149.24849264190408,100.0,137.1419176122538,100.0,0
100.0,100.0,149.04818895982746,0,136.76877824200716,149.23673281710037,100.0,137.11773359368485,100.0,0
100.0,100.0,149.04818895982746,0,136.90082354821794,149.17696529283026,100.0,137.08352379651933,100.0,0
100.0,100.0,149.04818895982746,0,136.8419225980822,149.16402460455276,100.0,137.04397307658633,100.0,0
100.0,100.0,149.03109990832343,0,136.99343349064682,149.14544487411612,100.0,137.02867769428167,100.0,0
100.0,100.0,148.9867370875365,0,136.92046661242387,149.13627610425644,100.0,137.01228152499957,100.0,0
100.0,100.0,148.9405195671149,0,136.8520535663969,149.1021454952761,100.0,136.98361075829055,100.0,0
100.0,100.0,148.87273164181437,0,136.75952551702395,149.05485295641483,100.0,136.93644554711273,100.0,0
100.0,100.0,148.82907352218757,0,136.67588247827587,149.03718819048555,100.0,136.88300910930766,100.0,0
100.0,100.0,148.78650566005192,0,136.83246511943358,149.03718819048555,100.0,136.84663034865758,100.0,0
100.0,100.0,148.72216404644558,0,137.0113960209662,149.01436001278157,100.0,136.80211511230067,100.0,0
100.0,100.0,148.67077629188356,0,136.99536790732105,148.98477119474077,100.0,136.77998579170574,100.0,0
100.0,100.0,148.61154487593856,0,136.95084954869793,148.97062503275535,100.0,136.94528093414436,100.0,0
100.0,100.0,148.54884771743443,0,136.92759363264983,148.95254926633396,100.0,136.91964796726253,100.0,0
100.0,100.0,148.4907855777919,0,136.90676257699363,148.9255379843146,100.0,136.86422280140678,100.0,0
100.0,100.0,148.43198073447152,0,136.8850067039794,148.88954189580568,100.0,136.81621435055496,100.0,0
100.0,100.0,148.36811501330922,0,136.877680033138,148.8694568276995,100.0,136.77574710983862,100.0,0
100.0,100.0,148.3078258334369,0,136.86486029028237,148.82177807028924,100.0,136.72058176451506,100.0,0
100.0,100.0,148.26381798524426,0,136.83630002079332,148.77899532283675,100.0,136.6945927652195,100.0,0
100.0,100.0,148.20858800383738,0,136.79144748319175,148.71395510847213,100.0,136.6478435163053,100.0,0
100.0,100.0,148.10470468283998,0,136.74184085293027,148.66872081796313,100.0,136.8192553194129,100.0,0
100.0,100.0,148.0410273815816,0,136.67388320118508,148.59725398942766,100.0,136.74268643879861,100.0,0
100.0,100.0,147.961901607296,0,136.6423869589913,148.53580005796437,100.0,136.90492053498497,100.0,0
100.0,100.0,147.91124571435984,0,136.60803692129014,148.47494324131864,100.0,136.8308072447367,100.0,0
100.0,100.0,147.83277777257624,0,136.56671156145603,148.44235415376352,100.0,136.7826486295772,100.0,0
100.0,100.0,147.7970413076648,0,136.73212443501848,148.4016441328896,100.0,136.70941423219745,100.0,0
100.0,100.0,147.72386242780536,0,136.69712966290484,148.3435205536321,100.0,136.63660371375443,100.0,0
100.0,100.0,147.7134978177449,0,136.8801371325393,148.2459768901482,100.0,136.55454135017175,100.0,0
100.0,100.0,147.6938819787619,0,136.84714486881794,148.16935500688552,100.0,136.9338424066045,100.0,0
100.0,100.0,147.67126045606307,0,136.79620540438148,148.09034733181227,100.0,136.9038267424306,100.0,0
100.0,100.0,147.64207891484224,0,136.74758380597768,147.98549115634708,100.0,136.87346946606303,100.0,0
100.0,100.0,147.64207891484224,0,136.6923790823589,147.88447724853933,100.0,136.84945201933368,100.0,0
100.0,100.0,147.6254583842238,0,136.6099807727776,147.79855229638952,100.0,137.03706670803297,100.0,0
100.0,100.0,147.59031509184805,0,136.53053962579352,147.67209047994396,100.0,137.01516671290736,100.0,0
100.0,100.0,147.5104248814202,0,136.44766811650135,147.55555698956343,100.0,137.0021179779493,100.0,0
100.0,100.0,147.42139239534498,0,136.371551389499,147.43400447600564,100.0,136.98000795127496,100.0,0
100.0,100.0,147.28948222363948,0,136.52069707626373,147.30708672036695,100.0,136.93857165571328,100.0,0
100.0,100.0,147.17426884576534,0,136.45271152571996,147.17012796591052,100.0,136.9016878352639,100.0,0
100.0,100.0,146.99711934139364,0,136.397802743703,147.05140548711924,100.0,136.83190023114506,100.0,0
100.0,100.0,146.89858711991394,0,136.33040467269316,147.55385216153965,100.0,136.71793447410562,100.0,0
100.0,100.0,146.77610509592614,0,136.47406132938994,147.51080370997576,100.0,136.63317028748764,100.0,0
100.0,100.0,146.63478235178607,0,136.4104001836071,147.44142776111718,100.0,136.55691877501792,100.0,0
100.0,100.0,146.52217280669856,0,136.5572474731173,147.34652039746865,100.0,136.49024316670523,100.0,0
100.0,100.0,146.38547088010708,0,136.50277577026438,147.29061834878306,100.0,136.63123527539486,100.0,0
100.0,100.0,146.3047176642426,0,136.44140454877444,147.1557596216872,100.0,136.54596651443237,100.0,0
100.0,100.0,146.14675530473588,0,136.36706822914036,147.04835049255848,100.0,136.4848603666911,100.0,0
100.0,100.0,146.61265707154098,0,136.27562337516176,146.91084022120705,100.0,136.39979884354952,100.0,0
100.0,100.0,146.4577180308997,0,136.17652148284728,146.83479884833602,100.0,136.3048074035207,100.0,0
100.0,100.0,146.3444363265535,0,136.31883904618095,147.32990153037088,100.0,136.2014412262776,100.0,0
100.0,100.0,146.79094176813408,0,136.2429348750823,147.28863554676357,100.0,136.0870569320559,100.0,0
100.0,100.0,146.7059086548789,0,136.37573564489205,147.19417964155215,100.0,136.0176669093743,100.0,0
100.0,100.0,146.58853470399777,0,136.27739028510376,146.996415384677,100.0,136.1534107131373,100.0,0
100.0,100.0,146.47902317652532,0,136.173837137579,146.85527501399164,100.0,136.27941402359244,100.0,0
100.0,100.0,146.38167951429327,0,136.53052029636189,146.72587215701603,100.0,136.4318471130427,100.0,0
100.0,100.0,146.25868010786215,0,136.4741663440306,146.54825239754325,100.0,136.37208550783606,100.0,0
100.0,100.0,146.69380045280718,0,136.3979662936782,146.35150319286865,100.0,136.5025105242993,100.0,0
100.0,100.0,146.53763197302558,0,136.29551298181454,146.14265283023116,100.0,136.65636131891534,100.0,0
100.0,100.0,146.9820401985581,0,136.158955967265,145.95209357858613,100.0,136.61394910246295,100.0,0
100.0,100.0,146.84170955738404,0,136.01199115123583,145.7866835813941,100.0,136.56593590858077,100.0,0
100.0,100.0,146.6879738145247,0,136.13631376646643,146.172974710807,100.0,136.51091011664406,100.0,0
100.0,100.0,146.50540009359065,0,136.05208750469436,146.6575141262233,100.0,136.41617687190606,100.0,0
100.0,100.0,146.3265932190399,0,135.94330330305027,146.47602616977952,100.0,136.33637251765347,100.0,0
100.0,100.0,146.20730012563567,0,135.8454827971732,146.29643419445384,100.0,136.45300051664503,100.0,0
100.0,100.0,146.6485448370408,0,135.71451513029132,146.704011582452,100.0,136.39576050316083,100.0,0
100.0,100.0,146.49969622698367,0,135.61708856240932,146.57298724340376,100.0,136.3226707228028,100.0,0
100.0,100.0,146.34697652592877,0,135.7490920736096,146.4537616287129,100.0,136.21491959926115,100.0,0
100.0,100.0,146.18577372508344,0,135.6734394975855,146.340932253427,100.0,136.0870205146999,100.0,0
100.0,100.0,146.595410479153,0,136.0167657970758,146.17943251768514,100.0,136.01146539602462,100.0,0
100.0,100.0,147.05973606918985,0,135.8929522274617,146.05163631665863,100.0,136.13541512097885,100.0,0
100.0,100.0,146.94377999148875,0,135.76238709460597,145.91299940006044,100.0,136.03435831209222,100.0,0
100.0,100.0,146.83483629991133,0,135.62169681219902,145.74420645329678,100.0,135.9661658173736,100.0,0
100.0,100.0,147.29991720566747,0,135.495866581833,145.64807444348972,100.0,136.09059205071708,100.0,0
100.0,100.0,147.17649953845157,0,135.59763861961167,145.50631877753432,100.0,135.99055601162712,100.0,0
100.0,100.0,147.0741645665866,0,135.70584787039166,145.39701317469493,100.0,135.88194541351913,100.0,0
100.0,100.0,146.9115161217399,0,135.59513836983078,145.86125489025818,100.0,136.0056417819572,100.0,0
100.0,100.0,146.803296564008,0,135.71113980213312,145.74962437325107,100.0,135.91456978595366,100.0,0
100.0,100.0,147.27956110323436,0,135.853880726678,145.5743416111757,100.0,136.0423304872244,100.0,0
100.0,100.0,147.1487178872477,0,135.76414065574147,145.4499877508383,100.0,136.17431516346892,100.0,0
100.0,100.0,146.9188004276356,0,135.67823284451703,145.2874978587901,100.0,136.11699188107033,100.0,0
100.0,100.0,146.80072981728654,0,135.56043523197457,145.1379066713349,100.0,136.2257125134233,100.0,0
100.0,100.0,146.5827623200857,0,135.45485058246211,145.52604284757984,100.0,136.38036856297353,100.0,0
100.0,100.0,146.35827658683735,0,135.58258264665102,145.386681472464,100.0,136.49837900384273,100.0,0
100.0,100.0,146.0798766046261,0,135.71938889007833,145.89134556669504,100.0,136.36609180327778,100.0,0
100.0,100.0,145.87629291779248,0,135.66122763371501,146.38375382880133,100.0,136.23349731581217,100.0,0
100.0,100.0,146.81194252860337,0,135.789635889488,146.28285602547734,100.0,136.08316856813838,100.0,0
100.0,100.0,146.62249273331582,0,135.71284182478416,146.13446785729894,100.0,135.93485304111115,100.0,0
100.0,100.0,147.07683297287522,0,135.61126538588795,145.9890561772951,100.0,135.81221239564715,100.0,0
100.0,100.0,146.86906669270587,0,135.51064084624795,145.83799236416908,100.0,135.90109462930786,100.0,0
100.0,100.0,146.65373374446042,0,135.440535330487,145.70100321755763,100.0,135.79449478067602,100.0,0
100.0,100.0,146.49786830595943,0,135.5552136433,145.53296283738075,100.0,135.66752111564696,100.0,0
100.0,100.0,146.95635673092463,0,135.48442245635175,145.85967575173285,100.0,135.5302704944608,100.0,0
100.0,100.0,147.37603656392332,0,135.34637073698383,145.63599037637695,100.0,135.3804589745867,100.0,0
100.0,100.0,147.2625058863941,0,135.20655932209507,145.33504128915507,100.0,135.2669772328756,100.0,0
100.0,100.0,147.10135515321596,0,135.08637840966563,145.66036948592787,100.0,135.36862523589738,100.0,0
100.0,100.0,146.9751074147285,0,134.96789047163287,145.96213421845877,100.0,135.87666437720577,100.0,0
100.0,100.0,146.73832865743395,0,134.83502409727916,145.6567550668977,100.0,135.74960943353275,100.0,0
100.0,100.0,146.4754790807505,0,134.69706946993938,145.4099887052198,100.0,135.81968110529556,100.0,0
100.0,100.0,146.27246758536404,0,135.2358335014016,145.1304422649383,100.0,135.6554857045327,100.0,0
100.0,100.0,146.05642727060655,0,135.1509603955855,144.9473797600537,100.0,135.4880135702598,100.0,0
100.0,100.0,146.50980332949132,0,135.45653150326845,144.81578713939376,100.0,135.52358012411577,100.0,0
100.0,100.0,147.57358829325634,0,135.34106376845392,145.2650322367639,100.0,135.63317306225247,100.0,0
100.0,100.0,147.95201402878757,0,135.1592041762021,145.09304240993058,100.0,135.5070451680435,100.0,0
100.0,100.0,147.65222126023892,0,135.01641850234273,144.82119303496364,100.0,135.3656942278504,100.0,0
100.0,100.0,147.36766553293452,0,134.79255271277754,144.59114212986117,100.0,135.39022949865094,100.0,0
100.0,100.0,147.0224407786157,0,134.5683439172202,144.31240575853047,100.0,135.1833500732687,100.0,0
100.0,100.0,146.64616105418835,0,134.5486855652574,144.02313551401758,100.0,134.96363113331518,100.0,0
100.0,100.0,146.33792435714685,0,134.35212056216213,144.3660255413921,100.0,134.73813279526985,100.0,0
100.0,100.0,146.13064959620405,0,134.15920269143103,144.65949062177572,100.0,134.74982836848548,100.0,0
100.0,100.0,146.44187675007598,0,133.94813401788394,144.39813766696884,100.0,134.5174405962871,100.0,0
100.0,100.0,146.11303366601922,0,134.37870806810832,145.35657035031403,100.0,134.34211765965694,100.0,0
100.0,100.0,145.82330019234522,0,134.37100728362358,145.01103371202072,100.0,134.32858434682836,100.0,0
100.0,100.0,145.46685114871383,0,134.79213711795168,144.77586652742272,100.0,134.52637028408554,100.0,0
100.0,100.0,145.1732369612601,0,134.657076533372,144.50153436525872,100.0,134.3485966227199,100.0,0
100.0,100.0,144.88876461580165,0,134.86846047863358,144.27532311841713,100.0,134.75095336108078,100.0,0
100.0,100.0,144.63393016829838,0,134.9004331892462,145.35331927815355,100.0,134.4912554068421,100.0,0
100.0,100.0,145.6643356004895,0,135.12864106219823,145.79132915940033,100.0,134.4521544383933,100.0,0
100.0,100.0,146.06785266455935,0,134.90003671413115,145.58222506380548,100.0,134.2263691231351,100.0,0
100.0,100.0,147.15129440061753,0,134.91605727886167,146.56724875179108,100.0,134.15475889593884,100.0,0
100.0,100.0,146.87545406568648,0,134.73422671365628,147.61641867259908,100.0,134.12320730819124,100.0,0
100.0,100.0,146.56414674332646,0,134.89118825246138,147.33859358037097,100.0,134.0925621231889,100.0,0
100.0,100.0,146.90953456607704,0,134.80402378537852,147.07106763126933,100.0,134.08190016827243,100.0,0
100.0,100.0,146.62575963053445,0,134.71643593454536,146.80615950086587,100.0,134.28529419537628,100.0,0
100.0,100.0,146.38712581402822,0,134.66918977642877,146.5034152516876,100.0,134.58700497413278,100.0,0
100.0,123.90269836155619,147.38788234125113,0,134.63668945683648,146.4790572151554,100.0,134.62368315991347,100.0,0
100.0,123.79362142698604,0,0,0,146.90895868688082,100.0,134.5002913132121,123.712220874687,0
100.0,123.67764278336104,0,0,0,0,100.0,134.4518646780805,123.57761619884991,0
100.0,123.51863373701501,0,0,0,0,100.0,134.4058024151303,123.4234406199817,0
100.0,123.39159827611482,0,0,0,0,100.0,134.21955912102757,123.25821253918953,0
100.0,123.49851303456305,0,0,0,0,100.0,134.10121468301801,123.11559074784174,0
100.0,123.33900104250688,0,0,0,0,100.0,134.61186990497205,122.96391738825672,0
100.0,123.18033978965786,0,0,0,0,100.0,134.43735686105873,122.79869773982655,0
100.0,122.99750177896975,0,0,0,0,100.0,134.3984983116485,122.6170734190478,0
100.0,122.80693027954827,0,0,0,0,100.0,134.1498914658471,122.43663525812195,0
100.0,122.6290507925725,0,0,0,0,100.0,134.0372281223099,122.29221044248942,0
100.0,122.73162926969562,0,0,0,0,100.0,133.97734735471883,122.3837092767575,0
100.0,122.55938079479371,0,0,0,0,100.0,134.11972363110752,122.26361923941786,0
100.0,122.45666777759493,0,0,0,0,100.0,134.1291169671025,122.41501707451332,0
100.0,122.88372125792677,0,0,0,0,100.0,134.15095962929715,122.29538033837296,0
100.0,123.03820391510007,0,0,0,0,100.0,134.0055944331963,122.7376752600569,0
100.0,122.8996585629156,0,0,0,0,100.0,134.13752867158968,122.90712639205339,0
100.0,122.72271939935203,0,0,0,0,100.0,134.22612339900277,122.78985345664252,0
100.0,122.85372714832206,0,0,0,0,100.0,134.16913450378073,122.67743122697748,0
100.0,122.66724759594717,0,0,0,0,100.0,133.9967936223632,122.5624179871195,0
100.0,122.53444997717318,0,0,0,0,100.0,134.05935658348312,122.71074806196673,0
100.0,122.3507524078335,0,0,0,0,100.0,134.11598967251516,122.52699405059677,0
100.0,122.17520972921632,0,0,0,0,100.0,133.93919721913701,122.63695743465367,0
100.0,122.01113411808429,0,0,0,0,100.0,133.731047743028,122.7852318040152,0
100.0,121.89223040428485,0,0,0,0,100.0,133.56725047070069,122.61095750899054,0
100.0,122.01981396129804,0,0,0,0,100.0,133.66592812192948,122.75676190153281,0
100.0,122.20543245895293,0,0,0,0,100.0,133.71968972312501,122.88676911941543,0
100.0,122.3636899430477,0,0,0,0,100.0,133.81684285567093,122.75041221958318,0
100.0,122.25141587712285,0,0,0,0,100.0,134.00477260280726,122.56709783507776,0
100.0,122.3711974643484,0,0,0,0,100.0,133.85778311212357,122.35179384697913,0
100.0,122.48562766892935,0,0,0,0,100.0,133.6227958445787,122.75225937100018,0
100.0,122.29569175523825,0,0,0,0,100.0,133.69515223444458,122.9076679010841,0
100.0,122.69356223042357,0,0,0,0,100.0,133.4853302095235,122.72133247796509,0
100.0,122.54889228342778,0,0,0,0,100.0,133.46076880486092,122.58441239129152,0
100.0,122.34734130004732,0,0,0,0,100.0,133.1859082707291,122.73027972327876,0
100.0,122.1340274876465,0,0,0,0,100.0,133.29847021551822,122.60352143544326,0
100.0,122.23135112598862,0,0,0,0,100.0,133.13672223288813,122.45445951946306,0
100.0,122.4051955657486,0,0,0,0,100.0,132.9704846729168,122.53690642438983,0
100.0,122.30167822827666,0,0,0,0,100.0,133.30008835816022,122.4005515699079,0
100.0,122.17519755603819,0,0,0,0,100.0,133.2520768057969,122.27711726860831,0
100.0,122.0156696000469,0,0,0,0,100.0,133.26364706116098,122.71498076939245,0
100.0,121.86266683654085,0,0,0,0,100.0,133.57531790860037,122.55665765577213,0
100.0,121.73759113744708,0,0,0,0,100.0,133.45912209523505,122.4229667016653,0
100.0,121.86038549028954,0,0,0,0,100.0,133.42231092598814,122.25188893107016,0
100.0,121.73293222128156,0,0,0,0,100.0,133.13982381456105,122.07658772705668,0
100.0,121.88539565357902,0,0,0,0,100.0,133.1621514047555,121.93751669101421,0
100.0,121.73513060636147,0,0,0,0,100.0,133.36566435667422,121.79256288513511,0
100.0,121.86625902846397,0,0,0,0,100.0,133.33553055211888,121.95684529474222,0
100.0,122.01140989234062,0,0,0,0,100.0,133.34727347417214,121.80053878525757,0
100.0,121.8261451229429,0,0,0,0,100.0,133.34260440547308,121.69380752430696,0
100.0,121.67294209945963,0,0,0,0,100.0,133.39973603722464,121.57168152620389,0
100.0,121.75465712678495,0,0,0,0,100.0,133.2446918499713,121.46163052528048,0
100.0,121.59479781300037,0,0,0,0,100.0,133.27027854911597,121.3518498940013,0
100.0,121.69469779185727,0,0,0,0,100.0,133.1213181431159,121.24610540100487,0
100.0,121.776382966979,0,0,0,0,100.0,132.96474809793366,121.70421884308992,0
100.0,121.58072842265108,0,0,0,0,100.0,132.9097203156029,121.58543279532329,0
100.0,121.69762819198854,0,0,0,0,100.0,132.9997246368988,121.48938757234114,0
100.0,121.52511350829866,0,0,0,0,100.0,132.98075647357246,121.38706001836009,0
100.0,121.34859509556179,0,0,0,0,100.0,133.37147734991987,121.2806424840394,0
100.0,121.13843064997786,0,0,0,0,100.0,133.2613210040532,121.17508538611504,0
100.0,121.19363237983981,0,0,0,0,100.0,133.13314564907822,121.07820613459849,0
100.0,121.0240591384717,0,0,0,0,100.0,133.0678490322133,121.28081349140271,0
100.0,121.38509311959568,0,0,0,0,100.0,133.3295727146696,121.48576210648598,0
100.0,121.23270668666065,0,0,0,0,100.0,133.25024669383592,121.65744831244791,0
100.0,121.28558867295156,0,0,0,0,100.0,133.17831345822196,121.83459121881688,0
100.0,121.03283705710024,0,0,0,0,100.0,133.07864518116222,121.69031507379064,0
100.0,120.84330309060006,0,0,0,0,100.0,132.83092623870473,122.1089580044457,0
100.0,121.20348098371096,0,0,0,0,100.0,132.6318666568302,121.93483042183418,0
100.0,121.27164643306935,0,0,0,0,100.0,132.7359007293993,121.80870193246383,0
100.0,121.40465619301753,0,0,0,0,100.0,132.63433950720284,121.643117904582,0
100.0,121.51947260810614,0,0,0,0,100.0,132.7704129838479,121.49600982849363,0
100.0,121.25114606126502,0,0,0,0,100.0,132.65827379586256,121.97772153039898,0
100.0,121.01912987232426,0,0,0,0,100.0,132.6191464787589,122.1119430328179,0
100.0,120.79504477524722,0,0,0,0,100.0,132.3949329378091,121.97950334751123,0
100.0,120.87975493154697,0,0,0,0,100.0,132.25216881500137,121.82510627196943,0
100.0,120.67913926744198,0,0,0,0,100.0,132.28926644306446,121.98506912340848,0
100.0,120.76401079877469,0,0,0,0,100.0,132.07737361374214,121.82632566644538,0
100.0,120.55311384000746,0,0,0,0,100.0,131.95128997705388,121.67984929469912,0
100.0,120.60902025453248,0,0,0,0,100.0,131.8360982437137,121.54008287414922,0
100.0,120.36903868849234,0,0,0,0,100.0,131.73580617858119,121.43862742672859,0
100.0,120.16015651839521,0,0,0,0,100.0,131.7585570379327,121.2775246180438,0
100.0,119.9197490509097,0,0,0,0,100.0,132.00529198260188,121.1163548993773,0
100.0,119.72505320154322,0,0,0,0,100.0,131.91504233173455,120.9781344192702,0
100.0,119.83259461526303,0,0,0,0,100.0,132.08452205902935,120.85856022249276,0
100.0,119.93680174142784,0,0,0,0,100.0,132.24416191030411,121.04932134252357,0
100.0,119.81309882829802,0,0,0,0,100.0,132.30366889987005,120.91956588814668,0
100.0,119.95636029681215,0,0,0,0,100.0,132.31474204517895,120.77875693755333,0
100.0,120.13875327673777,0,0,0,0,100.0,132.23321212708805,120.90586194789499,0
100.0,120.27821378133095,0,0,0,0,100.0,132.10444579392382,120.78701202900484,0
100.0,120.03886357493964,0,0,0,0,100.0,131.8528767263728,120.61393660733447,0
100.0,119.81573271796223,0,0,0,0,100.0,131.7252411383219,120.77990596262575,0
100.0,119.89246624847318,0,0,0,0,100.0,131.71194950919394,120.63938815107895,0
100.0,119.69148311522183,0,0,0,0,100.0,131.61912444895094,121.08099570029638,0
100.0,119.75306209788994,0,0,0,0,100.0,131.62483061927605,120.93845053980627,0
100.0,119.78357152607326,0,0,0,0,100.0,131.51739507040858,120.75410657177078,0
100.0,119.61135364656118,0,0,0,0,100.0,131.62885535101844,120.5779725080141,0
100.0,119.7076243863614,0,0,0,0,100.0,131.49041875321353,120.36869837934223,0
100.0,119.55021994973642,0,0,0,0,100.0,131.65394906585254,120.18999566045022,0
100.0,119.66964132906045,0,0,0,0,100.0,131.82916148532553,120.0645029790665,0
100.0,120.10031506844119,0,0,0,0,100.0,131.8843038164672,120.47590106121763,0
100.0,0,0,0,0,0,116.03672035096577,131.80458507189852,120.2937193257168,0
100.0,0,0,0,0,0,116.11205754002498,131.873965385174,120.74716837680548,0
100.0,0,0,0,0,0,116.16750194344738,131.7831817628384,120.58506960468225,0
100.0,0,0,0,0,0,116.01835200718321,131.66092782733782,120.41928529812425,0
100.0,0,0,0,0,0,116.16270095070732,131.79857775610202,120.50125280028517,0
100.0,0,0,0,0,0,116.09030768581117,131.90585875287945,120.32972238717039,0
100.0,0,0,0,0,0,115.99338892685759,131.91033865858336,120.16081780579435,0
100.0,0,0,0,0,0,115.83852558110254,131.76793972293316,120.01811656686934,0
100.0,0,0,0,0,0,115.91972328346571,131.6541884722032,120.14233133045396,0
100.0,0,0,0,0,0,115.99230065805492,131.95538295078578,119.99841186937873,0
100.0,0,0,0,0,0,115.8158710721472,131.72772983036072,120.15093262929112,0
100.0,0,0,0,0,0,115.65834302345685,131.43895506795928,120.02454206565397,0
100.0,0,0,0,0,0,115.47895359314214,131.19570037383463,119.84673315284982,0
100.0,0,0,0,0,0,115.25467471443466,131.06684758808035,119.71486015679889,0
100.0,0,0,0,0,0,115.02901742170947,130.94156381444338,119.88092417528348,0
100.0,0,0,0,0,0,114.85649136816929,130.81700077086074,119.7549401506768,0
100.0,0,0,0,0,0,114.99289288252857,130.84152081608823,119.62835259426006,0
100.0,0,0,0,0,0,114.83262728334614,131.05818598766194,119.53981454289976,0
100.0,0,0,0,0,0,114.71005498029659,131.51120896543,119.4563638892973,0
100.0,0,0,0,0,0,114.5519192242666,131.70320457611635,119.66670701336643,0
100.0,0,0,0,0,0,114.65884394098076,131.46037231828765,119.87684906467008,0
100.0,0,0,0,0,0,114.50741178611337,131.41979681040345,119.76303856620535,0
100.0,0,0,0,0,0,114.58324391764486,131.6348587723881,119.66577101826003,0
100.0,0,0,0,0,0,114.36233059148496,131.65409966536407,119.56120649496512,0
100.0,0,0,0,0,0,114.16462325489768,131.71539956116524,119.42542276470509,0
100.0,0,0,0,0,0,113.95384192255382,131.56605108168878,119.28601290689379,0
100.0,0,0,0,0,0,114.0573946101282,131.61340201350484,119.46510455336478,0
115.52308244454322,0,0,0,0,0,114.09605110832584,131.5382004409112,0,0
115.63252826861513,0,0,0,0,0,114.39097105686275,131.7628764122993,0,0
115.52264516565751,0,0,0,0,0,114.45470427859263,131.7345500515529,0,0
115.90314698790496,0,0,0,0,0,114.51495233816385,131.51907740445625,0,0
116.31561086788145,0,0,0,0,0,114.55757756729186,131.34183599941133,0,0
116.27757151379731,0,0,0,0,0,114.56092071309517,131.14287506853483,0,0
116.19969915377924,0,0,0,0,0,114.8772265165648,130.9608436046503,0,0
116.13851652226215,0,0,0,0,0,114.93928007463929,130.86993845218686,0,0
116.07727323387019,0,0,0,0,0,114.99424942947843,130.75496514458882,0,0
116.02093238392993,0,0,0,0,0,114.80372091730226,130.68572803190068,0,0
115.94039003669728,0,0,0,0,0,114.64806192146996,130.7581745731005,0,0
115.87605575412346,0,0,0,0,0,114.4882059357144,130.825809517305,0,0
116.0530234692196,0,0,0,0,0,114.31873661182115,131.0412770799889,0,0
115.98246791758297,0,0,0,0,0,114.15940816888798,131.01698748145697,0,0
115.92695306769473,0,0,0,0,0,113.99123088969863,131.0667079637485,0,0
115.87251595645489,0,0,0,0,0,114.05251889960341,131.00979520795775,0,0
116.07346620694051,0,0,0,0,0,113.91253260026053,131.1071834300565,0,0
116.01481580625413,0,0,0,0,0,114.02105781525606,131.07534719414326,0,0
115.96863001688543,0,0,0,0,0,114.33163850414611,131.03002930564656,0,0
115.87449605005979,0,0,0,0,0,114.44389067198918,131.02959667246688,0,0
116.29705216777904,0,0,0,0,0,114.49743745218511,131.27861750088164,0,0
116.22945931266045,0,0,0,0,0,114.35580953277189,131.1027509712579,0,0
116.16507601552128,0,0,0,0,0,114.14462346577932,131.19766753347076,0,0
116.1015552735361,0,0,0,0,0,113.93543325544518,131.01541404118825,0,0
116.03425358263365,0,0,0,0,0,113.76122086655533,130.94809112281376,0,0
115.9620180934921,0,0,0,0,0,113.82346415854353,130.92024590919743,0,0
115.92091844463903,0,0,0,0,0,113.82431981696675,131.01691778596853,0,0
115.8523735264152,0,0,0,0,0,113.87835126380476,130.96655936627965,0,0
115.79884719457975,0,0,0,0,0,113.68957571734967,130.7218758440116,0,0
115.74055794824059,0,0,0,0,0,113.47499622170241,130.79123670207076,0,0
115.69330821837166,0,0,0,0,0,113.303650140237,130.7490756267116,0,0
115.64133133419982,0,0,0,0,0,113.62226028227602,130.72101288371542,0,0
115.58719807377719,0,0,0,0,0,113.69873642485939,130.6921817076483,0,0
115.77326375016297,0,0,0,0,0,113.80148794468245,130.5161693557289,0,0
115.71694735288983,0,0,0,0,0,113.65921732603242,130.4479396448379,0,0
115.8889805476793,0,0,0,0,0,113.50501285395575,130.55609700491598,0,0
116.0707626909378,0,0,0,0,0,113.839865465455,130.5427497724499,0,0
116.03095547798561,0,0,0,0,0,113.67201585925815,130.55777539835543,0,0
115.96483730420256,0,0,0,0,0,113.47710789709302,130.50047032748478,0,0
115.87002891656822,0,0,0,0,0,113.28637690486957,130.42482058027664,0,0
115.81533805018405,0,0,0,0,0,113.33033252875934,130.36303102786258,0,0
115.71026244793835,0,0,0,0,0,113.31096657977834,130.44130640223287,0,0
115.60439975347883,0,0,0,0,0,113.09103916995001,130.23784026925063,0,0
115.52506318549302,0,0,0,0,0,112.82737736453034,130.2645392849854,0,0
115.43615425263046,0,0,0,0,0,112.58903128456812,130.16118606193987,0,0
115.34289364051418,0,0,0,0,0,112.34977723204265,130.22851914886846,0,0
115.29058790637903,0,0,0,0,0,112.14366969882607,130.29969916796296,0,0
115.46692438107355,0,0,0,0,0,112.47837670824946,130.41729637560013,0,0
115.4442303134793,0,0,0,0,0,112.31616044093506,130.39407485758483,0,0
115.61188257926247,0,0,0,0,0,112.62938864655511,130.3557680768132,0,0
115.53563288104074,0,0,0,0,0,112.403842130944,130.44839524134557,0,0
115.47254728870656,0,0,0,0,0,112.1567857241712,130.24238824967065,0,0
115.36704913438135,0,0,0,0,0,112.16336521690103,130.18069252519874,0,0
115.27978575912826,0,0,0,0,0,112.40442111380814,130.01696374388456,0,0
115.1793889848929,0,0,0,0,0,112.40363530685411,129.9584290007629,0,0
115.06195794299579,0,0,0,0,0,112.45226423302036,129.7553636543219,0,0
114.93903277407193,0,0,0,0,0,112.5114094117642,129.66983703224855,0,0
114.83264671369663,0,0,0,0,0,112.25855644767861,129.56507269112407,0,0
115.01049723026875,0,0,0,0,0,112.0581037102253,129.35902126221958,0,0
115.16316552860447,0,0,0,0,0,112.09114770402122,129.43470333349364,0,0
115.10268983619348,0,0,0,0,0,112.41967948994487,129.36696842520445,0,0
115.28364602535517,0,0,0,0,0,112.4708475255505,129.42242910953334,0,0
113.81123410825559,0,0,0,0,0,0,129.22427570340253,0,0
113.82729992150173,0,0,0,0,0,0,129.4756469029668,0,0
113.81906474192664,0,0,0,0,0,0,129.60013139033484,0,0
113.70926081787503,0,0,0,0,0,0,129.55361850471974,0,0
113.94105295611371,0,0,0,0,0,0,129.36482574658,0,0
113.80420171265774,0,0,0,0,0,0,129.30845067403655,0,0
113.6861712552917,0,0,0,0,0,0,129.28599107698017,0,0
113.6718574260924,0,0,0,0,0,0,129.42199607932912,0,0
113.5386580687779,0,0,0,0,0,0,129.40413248165845,0,0
113.68207896749422,0,0,0,0,0,0,129.35829122010898,0,0
113.69437173208138,0,0,0,0,0,0,129.6362418419178,0,0
113.58440524152311,0,0,0,0,0,0,129.72538639558428,0,0
113.59706184293856,0,0,0,0,0,0,129.6637734781504,0,0
113.61214116310045,0,0,0,0,0,0,129.46550331277214,0,0
113.51719887247822,0,0,0,0,0,0,129.5737055375115,0,0
113.40221430835484,0,0,0,0,0,0,129.542102079046,0,0
113.43033151218319,0,0,0,0,0,0,129.37046265801638,0,0
113.453265227292,0,0,0,0,0,0,129.30193841698255,0,0
113.34126805636868,0,0,0,0,0,0,129.28059576648894,0,0
113.3299590448988,0,0,0,0,0,0,129.29691615551752,0,0
113.22385341272923,0,0,0,0,0,0,129.26191568481198,0,0
113.10058369868003,0,0,0,0,0,0,129.2430161243819,0,0
113.099576037197,0,0,0,0,0,0,129.20489553034085,0,0
113.1022715905195,0,0,0,0,0,0,129.04932864633943,0,0
112.99472743617078,0,0,0,0,0,0,128.85961796104118,0,0
113.15514966693202,0,0,0,0,0,0,128.82890712161785,0,0
113.06061471334111,0,0,0,0,0,0,128.97507594252875,0,0
112.9670273434799,0,0,0,0,0,0,128.81206662078887,0,0
113.0124115581318,0,0,0,0,0,0,128.99932096607404,0,0
113.05873519014706,0,0,0,0,0,0,129.01097913009045,0,0
112.9851290895961,0,0,0,0,0,0,129.05405206896833,0,0
113.01958084291724,0,0,0,0,0,0,128.89527426047218,0,0
113.21300953878064,0,0,0,0,0,0,128.76166084714342,0,0
113.40922606933594,0,0,0,0,0,0,128.64255197294005,0,0
113.45494945279626,0,0,0,0,0,0,128.8356991741896,0,0
113.41492468505375,0,0,0,0,0,0,128.72029563461172,0,0
113.61108868749687,0,0,0,0,0,0,128.90703332642548,0,0
113.54382058081768,0,0,0,0,0,0,128.82282839449675,0,0
113.48531516763747,0,0,0,0,0,0,128.85416856436757,0,0
113.43769730497274,0,0,0,0,0,0,129.0529871815844,0,0
113.39761838788422,0,0,0,0,0,0,129.25422370162897,0,0
113.37117053028213,0,0,0,0,0,0,129.33091736152915,0,0
113.31882035078091,0,0,0,0,0,0,129.56446184620455,0,0
113.25682480250595,0,0,0,0,0,0,129.46727505749584,0,0
113.18555799538862,0,0,0,0,0,0,129.51188872924692,0,0
113.35261389409798,0,0,0,0,0,0,129.37724618521966,0,0
113.29690062752557,0,0,0,0,0,0,129.2445223306141,0,0
113.35567852627169,0,0,0,0,0,0,129.1183904104135,0,0
113.28330899765918,0,0,0,0,0,0,128.98260733339075,0,0
113.20694503457943,0,0,0,0,0,0,128.82002804222438,0,0
113.11991165186848,0,0,0,0,0,0,128.82756930760635,0,0
113.06288169300805,0,0,0,0,0,0,128.65081595879613,0,0
113.14157488179046,0,0,0,0,0,0,128.68421893814994,0,0
113.08136575760749,0,0,0,0,0,0,128.70582038871933,0,0
113.01978436984672,0,0,0,0,0,0,128.76483031676884,0,0
112.95147242973309,0,0,0,0,0,0,128.81366110497123,0,0
113.00061149543964,0,0,0,0,0,0,128.68310264390087,0,0
112.91779747927518,0,0,0,0,0,0,128.58630077674468,0,0
112.98205134937643,0,0,0,0,0,0,128.63194102055738,0,0
112.95048415875463,0,0,0,0,0,0,128.5347863690315,0,0
113.0220476031898,0,0,0,0,0,0,128.60636235465586,0,0
113.08963612219975,0,0,0,0,0,0,128.52566172625905,0,0
113.03813691983426,0,0,0,0,0,0,128.59954922534513,0,0
112.96069912922457,0,0,0,0,0,0,128.66351074320252,0,0
112.90045026110553,0,0,0,0,0,0,128.58104663480484,0,0
112.8362858365513,0,0,0,0,0,0,128.93224194283718,0,0
112.77586604541968,0,0,0,0,0,0,128.85456262565435,0,0
112.7069388865346,0,0,0,0,0,0,128.7714205269586,0,0
112.66690874905058,0,0,0,0,0,0,128.6646420935917,0,0
112.60343070310114,0,0,0,0,0,0,128.71733475919714,0,0
112.53742683007403,0,0,0,0,0,0,128.64628227250037,0,0
112.60033114616326,0,0,0,0,0,0,128.56436532456846,0,0
112.54706388402863,0,0,0,0,0,0,128.4952232443798,0,0
112.48692560056834,0,0,0,0,0,0,128.40799462516924,0,0
112.43148805744548,0,0,0,0,0,0,128.47402939654958,0,0
112.38936863099529,0,0,0,0,0,0,128.3878808660148,0,0
112.59256306017139,0,0,0,0,0,0,128.48179890407238,0,0
112.68168422894199,0,0,0,0,0,0,128.58210125552426,0,0
112.65526819979014,0,0,0,0,0,0,128.5202894478277,0,0
112.74559352936359,0,0,0,0,0,0,128.6183728383089,0,0
112.8086004970791,0,0,0,0,0,0,128.706974628685,0,0
112.76665579754737,0,0,0,0,0,0,128.66307890526875,0,0
112.72673073703727,0,0,0,0,0,0,128.74123348026941,0,0
112.65656154508218,0,0,0,0,0,0,128.67774127181625,0,0
112.606788866181,0,0,0,0,0,0,128.59551190698602,0,0
112.55868341200217,0,0,0,0,0,0,128.52744635548035,0,0
112.64269827616165,0,0,0,0,0,0,128.57820452062154,0,0
112.60988832445678,0,0,0,0,0,0,128.64303522219393,0,0
112.5700812425342,0,0,0,0,0,0,128.53552014381182,0,0
112.49582269072921,0,0,0,0,0,0,128.5741511490607,0,0
112.43130235090139,0,0,0,0,0,0,128.43687179977925,0,0
112.38512196538404,0,0,0,0,0,0,128.31739649301318,0,0
112.58036646926976,0,0,0,0,0,0,128.19780980631893,0,0
112.52251007826361,0,0,0,0,0,0,128.08016613091854,0,0
112.59311999257083,0,0,0,0,0,0,127.98669035434636,0,0
112.55344894332657,0,0,0,0,0,0,128.18221389796344,0,0
112.5030250552852,0,0,0,0,0,0,128.08415926304775,0,0
112.45590466147809,0,0,0,0,0,0,128.17502482433292,0,0
112.52151232256512,0,0,0,0,0,0,128.34238780324753,0,0
112.4529738919474,0,0,0,0,0,0,128.23704635173985,0,0
112.39251733192859,0,0,0,0,0,0,128.2751746144415,0,0
112.30934321188158,0,0,0,0,0,0,128.15092953839465,0,0
112.24379690721727,0,0,0,0,0,0,128.16177435689752,0,0
112.17292994216548,0,0,0,0,0,0,128.0420902376993,0,0
112.36753877199594,0,0,0,0,0,0,127.85888433650332,0,0
112.2961567350059,0,0,0,0,0,0,127.89477457681957,0,0
112.35323445426064,0,0,0,0,0,0,127.76431723170921,0,0
112.28955162716004,0,0,0,0,0,0,127.6099475960211,0,0
112.22914306781145,0,0,0,0,0,0,127.46578393449852,0,0
112.19120005657193,0,0,0,0,0,0,127.46434789530188,0,0
112.27095696282888,0,0,0,0,0,0,127.30859834665569,0,0
112.2125305089399,0,0,0,0,0,0,127.36387577351009,0,0
112.17937029736929,0,0,0,0,0,0,127.36258093627048,0,0
112.13922002326359,0,0,0,0,0,0,127.39848775415761,0,0
112.09842317956584,0,0,0,0,0,0,127.47126207660834,0,0
112.15790560894517,0,0,0,0,0,0,127.42480931518577,0,0
112.11803977270857,0,0,0,0,0,0,127.31768979514818,0,0
112.19297767228318,0,0,0,0,0,0,127.38213012695286,0,0
112.12038711717302,0,0,0,0,0,0,127.30603632247511,0,0
112.17875007825256,0,0,0,0,0,0,127.18461567166476,0,0
112.24553066190869,0,0,0,0,0,0,127.08429683386447,0,0
112.29974146281805,0,0,0,0,0,0,127.12337875310135,0,0
112.23055864183094,0,0,0,0,0,0,127.1669078580693,0,0
112.13988784841192,0,0,0,0,0,0,127.2491857307261,0,0
112.07413341183589,0,0,0,0,0,0,127.1348319104012,0,0
111.97262197087515,0,0,0,0,0,0,127.04878352333652,0,0
111.86149376993677,0,0,0,0,0,0,127.08105262957604,0,0
111.77977741057903,0,0,0,0,0,0,127.06740055150526,0,0
111.79915646649499,0,0,0,0,0,0,127.11910171859725,0,0
111.70523925422471,0,0,0,0,0,0,127.20783210008642,0,0
111.71474028970523,0,0,0,0,0,0,127.10620215554626,0,0
111.60915222140218,0,0,0,0,0,0,126.93707331337112,0,0
111.61940633277891,0,0,0,0,0,0,126.79788952459131,0,0
111.51165912013448,0,0,0,0,0,0,126.79805498406289,0,0
111.54016627955575,0,0,0,0,0,0,126.54538228716812,0,0
111.55628241763264,0,0,0,0,0,0,126.42064413378489,0,0
111.55943733426521,0,0,0,0,0,0,126.2659557554565,0,0
111.61410916828652,0,0,0,0,0,0,126.33272995021152,0,0
111.76247463181292,0,0,0,0,0,0,126.36252112795698,0,0
111.64502228797359,0,0,0,0,0,0,126.20191662295298,0,0
111.51053247145578,0,0,0,0,0,0,126.06163506638087,0,0
111.5067773858758,0,0,0,0,0,0,125.92961432559369,0,0
111.54034287556819,0,0,0,0,0,0,125.79609158277127,0,0
111.5555748630488,0,0,0,0,0,0,126.06230729964558,0,0
111.43060343533551,0,0,0,0,0,0,125.90327712736071,0,0
111.31063903898199,0,0,0,0,0,0,126.03572230577608,0,0
111.21252409681921,0,0,0,0,0,0,125.8438634321356,0,0
111.21025410453743,0,0,0,0,0,0,125.8539910160762,0,0
111.10522689857534,0,0,0,0,0,0,125.80548668796663,0,0
111.09102865203891,0,0,0,0,0,0,125.65578993886709,0,0
110.98247595105063,0,0,0,0,0,0,125.65030810821526,0,0
110.8585532460417,0,0,0,0,0,0,125.65692004353077,0,0
110.84664714960678,0,0,0,0,0,0,125.42135132953392,0,0
110.80234781169762,0,0,0,0,0,0,125.34058196151199,0,0
110.89628695724424,0,0,0,0,0,0,125.25748717212812,0,0
110.73959036122136,0,0,0,0,0,0,125.18504430017693,0,0
110.97221267104274,0,0,0,0,0,0,124.8924051313813,0,0
110.92395217391532,0,0,0,0,0,0,124.65669390856367,0,0
110.8992881643305,0,0,0,0,0,0,124.47479577154853,0,0
110.78312417531417,0,0,0,0,0,0,124.6470428632249,0,0
110.91293698885048,0,0,0,0,0,0,124.66859647650338,0,0
110.90942698927422,0,0,0,0,0,0,124.41760131085954,0,0
111.02352970176962,0,0,0,0,0,0,124.18819928492873,0,0
110.90546380772118,0,0,0,0,0,0,124.08506475209118,0,0
110.77161404941336,0,0,0,0,0,0,123.8962818920143,0,0
110.80746678473264,0,0,0,0,0,0,123.78566395085002,0,0
110.95895012738076,0,0,0,0,0,0,123.6875954982773,0,0
110.8742123276112,0,0,0,0,0,0,123.29464425973325,0,0
110.89563319586841,0,0,0,0,0,0,123.15276838117772,0,0
110.78928860221824,0,0,0,0,0,0,123.33967114588289,0,0
110.67365799319188,0,0,0,0,0,0,123.27641267439381,0,0
110.5502365979021,0,0,0,0,0,0,122.88885252453565,0,0
110.7060961602756,0,0,0,0,0,0,123.15514525059126,0,0
110.77144074689723,0,0,0,0,0,0,123.41039452716475,0,0
110.77406745249705,0,0,0,0,0,0,123.22915462673014,0,0
110.64282525075554,0,0,0,0,0,0,123.05318240389524,0,0
110.51738441473258,0,0,0,0,0,0,122.76052000635046,0,0
110.3475351361766,0,0,0,0,0,0,122.5033425512904,0,0
110.37946515960208,0,0,0,0,0,0,122.2716791857574,0,0
110.4033231177489,0,0,0,0,0,0,122.15125386333918,0,0
110.3413942691352,0,0,0,0,0,0,121.89236850505698,0,0
110.5586446173094,0,0,0,0,0,0,121.63799436741773,0,0
110.62194632482651,0,0,0,0,0,0,121.70303554697911,0,0
110.67786370218631,0,0,0,0,0,0,121.59978844188102,0,0
110.57831920869035,0,0,0,0,0,0,121.49930487594543,0,0
110.4800131268186,0,0,0,0,0,0,121.5227159400799,0,0
110.42102119782662,0,0,0,0,0,0,121.5136184896587,0,0
110.47118826179529,0,0,0,0,0,0,121.44010120061252,0,0
110.38457291956567,0,0,0,0,0,0,121.3236715054781,0,0
110.26021622588708,0,0,0,0,0,0,121.10327657086648,0,0
110.17179964033954,0,0,0,0,0,0,120.92221806211063,0,0
110.20863593974428,0,0,0,0,0,0,120.96694856998127,0,0
110.23965089414999,0,0,0,0,0,0,120.88488009961318,0,0
110.16379868090176,0,0,0,0,0,0,120.95943177557064,0,0
110.2338426398552,0,0,0,0,0,0,120.97285629816801,0,0
110.28389114787755,0,0,0,0,0,0,120.89750700979349,0,0
110.18270997812185,0,0,0,0,0,0,120.74529192376386,0,0
110.12823155159387,0,0,0,0,0,0,120.55807735084453,0,0
110.15475310183578,0,0,0,0,0,0,120.71625117592563,0,0
110.04205788124081,0,0,0,0,0,0,120.53309587213786,0,0
109.92435700546538,0,0,0,0,0,0,120.43243833337986,0,0
109.8158231919406,0,0,0,0,0,0,120.44528481031503,0,0
109.69607668146195,0,0,0,0,0,0,120.25901837414716,0,0
109.60865097093988,0,0,0,0,0,0,120.07365107363536,0,0
109.75976678530105,0,0,0,0,0,0,119.88335831205549,0,0
109.6831830196871,0,0,0,0,0,0,119.66554739077283,0,0
109.85181485505554,0,0,0,0,0,0,119.43593877610688,0,0
109.74784250300382,0,0,0,0,0,0,119.27488927847804,0,0
109.77522166548653,0,0,0,0,0,0,119.38112924694032,0,0
109.92825886633042,0,0,0,0,0,0,119.18015647622761,0,0
109.85777482366558,0,0,0,0,0,0,119.15165958319788,0,0
109.83656190850236,0,0,0,0,0,0,119.28041822305146,0,0
109.89357814304464,0,0,0,0,0,0,119.33014013011164,0,0
109.95411194066617,0,0,0,0,0,0,119.23098466647734,0,0
109.87289202415496,0,0,0,0,0,0,119.094840753022,0,0
109.80915170483556,0,0,0,0,0,0,118.8872240813724,0,0
109.86828448905977,0,0,0,0,0,0,118.79248469785763,0,0
109.77910950199787,0,0,0,0,0,0,118.78576337688017,0,0
109.68597040485218,0,0,0,0,0,0,118.67414687054462,0,0
109.57971894964095,0,0,0,0,0,0,118.7484583147547,0,0
109.51236370261819,0,0,0,0,0,0,118.55982924019816,0,0
109.3993085821569,0,0,0,0,0,0,118.62164913751619,0,0
109.43968941149252,0,0,0,0,0,0,118.73890794708116,0,0
109.37416161130433,0,0,0,0,0,0,118.78184179221292,0,0
109.56769259260125,0,0,0,0,0,0,118.86992158545064,0,0
109.49343977573321,0,0,0,0,0,0,119.02299433010329,0,0
109.41796596811835,0,0,0,0,0,0,118.89709132401423,0,0
109.32317019699754,0,0,0,0,0,0,118.7375270393357,0,0
109.24920297991359,0,0,0,0,0,0,118.61937133997357,0,0
109.1461919243301,0,0,0,0,0,0,118.44900134613246,0,0
109.17985020068636,0,0,0,0,0,0,118.42999347433451,0,0
109.1175237055107,0,0,0,0,0,0,118.51009989828077,0,0
109.32070297650853,0,0,0,0,0,0,118.28389941967153,0,0
109.24106253216479,0,0,0,0,0,0,118.08117171808317,0,0
109.14748397353209,0,0,0,0,0,0,117.96428337985186,0,0
109.06531888978719,0,0,0,0,0,0,117.82650036885056,0,0
109.11285240180929,0,0,0,0,0,0,117.84004906382316,0,0
109.03417511017066,0,0,0,0,0,0,117.77015267329197,0,0
109.07739613394818,0,0,0,0,0,0,117.8395253304767,0,0
108.99551786625243,0,0,0,0,0,0,117.89500657831826,0,0
109.02889888936308,0,0,0,0,0,0,117.74623539947656,0,0
109.07339657142495,0,0,0,0,0,0,117.66698519448701,0,0
108.99327224831929,0,0,0,0,0,0,117.66468134520326,0,0
108.8866410000111,0,0,0,0,0,0,117.49519749999837,0,0
108.94683920642139,0,0,0,0,0,0,117.4082288646744,0,0
109.00775617276041,0,0,0,0,0,0,117.28735806252455,0,0
109.20901485018355,0,0,0,0,0,0,117.11853377300854,0,0
109.26623704989858,0,0,0,0,0,0,117.20469831451658,0,0
109.19037831027507,0,0,0,0,0,0,117.1141694519715,0,0
109.2611200134105,0,0,0,0,0,0,117.0413572162598,0,0
109.1896457107428,0,0,0,0,0,0,116.88415475901557,0,0
109.11869057093858,0,0,0,0,0,0,116.81256924895789,0,0
109.04376533991187,0,0,0,0,0,0,116.66758119964962,0,0
109.08832796021058,0,0,0,0,0,0,116.51313091478677,0,0
109.01449341611813,0,0,0,0,0,0,116.33486604033274,0,0
108.95184555158235,0,0,0,0,0,0,116.44923735469705,0,0
109.01935619297443,0,0,0,0,0,0,116.75194362909602,0,0
109.07854844238172,0,0,0,0,0,0,116.73159982606543,0,0
109.00588644222397,0,0,0,0,0,0,116.74015537696697,0,0
108.92147696636154,0,0,0,0,0,0,116.66180126043356,0,0
108.84245453294739,0,0,0,0,0,0,116.7986682608817,0,0
108.89512279618931,0,0,0,0,0,0,116.63962053704763,0,0
108.82682549853958,0,0,0,0,0,0,116.64968856902638,0,0
108.74802089803364,0,0,0,0,0,0,116.59237158343635,0,0
108.81354949884528,0,0,0,0,0,0,116.47827303376093,0,0
108.85188725242756,0,0,0,0,0,0,116.30612036870056,0,0
108.7541793789685,0,0,0,0,0,0,116.14691441878816,0,0
108.82561263454909,0,0,0,0,0,0,116.097407413336,0,0
108.7671268389948,0,0,0,0,0,0,116.1781397557137,0,0
108.84369590097478,0,0,0,0,0,0,116.08781728064714,0,0
108.9109434455851,0,0,0,0,0,0,115.93824918267778,0,0
108.84424870977381,0,0,0,0,0,0,116.372262895175,0,0
108.77409363237054,0,0,0,0,0,0,116.27077178555264,0,0
108.71023092678847,0,0,0,0,0,0,116.16329670012851,0,0
108.77039184265878,0,0,0,0,0,0,116.02819437056208,0,0
108.68446068309858,0,0,0,0,0,0,115.86949526631861,0,0
108.5939031621796,0,0,0,0,0,0,115.76969958475827,0,0
108.51878631039351,0,0,0,0,0,0,115.9867332211049,0,0
108.57268241732555,0,0,0,0,0,0,115.78637992475868,0,0
108.50354770188079,0,0,0,0,0,0,115.79882584380245,0,0
108.70081178343783,0,0,0,0,0,0,115.66644405206469,0,0
108.62849969794853,0,0,0,0,0,0,115.61098481673828,0,0
108.57063373970853,0,0,0,0,0,0,115.51171866827164,0,0
108.67152199910714,0,0,0,0,0,0,115.59256244453292,0,0
108.73139039251299,0,0,0,0,0,0,115.8224583835122,0,0
108.67096197761926,0,0,0,0,0,0,115.70195198425604,0,0
108.61338471006059,0,0,0,0,0,0,115.82966748130706,0,0
108.54580179804216,0,0,0,0,0,0,115.83224033469224,0,0
108.48245064778965,0,0,0,0,0,0,115.84318551321063,0,0
108.53809574104231,0,0,0,0,0,0,115.85224404267967,0,0
108.4535596326617,0,0,0,0,0,0,115.7728198477329,0,0
108.385632996965,0,0,0,0,0,0,115.68270858583476,0,0
108.3190996878459,0,0,0,0,0,0,115.62000671823802,0,0
108.38968733045984,0,0,0,0,0,0,115.5558968511112,0,0
108.3449901866051,0,0,0,0,0,0,115.53962345700616,0,0
108.56661629273948,0,0,0,0,0,0,115.64604653114921,0,0
108.4894345060254,0,0,0,0,0,0,115.60417552392941,0,0
108.4269989314971,0,0,0,0,0,0,115.46237289050093,0,0
108.35007923021358,0,0,0,0,0,0,115.53329062715893,0,0
108.2802487623752,0,0,0,0,0,0,115.7085760478469,0,0
108.35212073911742,0,0,0,0,0,0,115.62582070647395,0,0
108.40027522580958,0,0,0,0,0,0,115.66671547965984,0,0
108.33077964642392,0,0,0,0,0,0,115.70640070052221,0,0
108.39425543735398,0,0,0,0,0,0,115.78004905638626,0,0
108.31701833033834,0,0,0,0,0,0,115.79252288830924,0,0
108.26703681056426,0,0,0,0,0,0,116.1587869272285,0,0
108.20758157883343,0,0,0,0,0,0,116.10443385960757,0,0
108.14410026349242,0,0,0,0,0,0,116.21318065301497,0,0
108.09475720264628,0,0,0,0,0,0,116.31473177021442,0,0
108.3106778818742,0,0,0,0,0,0,116.29933364471431,0,0
108.24000545143448,0,0,0,0,0,0,116.58762983809068,0,0
108.1937560310936,0,0,0,0,0,0,117.13081605745919,0,0
108.12823367400998,0,0,0,0,0,0,117.1627650517269,0,0
108.20440472100526,0,0,0,0,0,0,117.29524040167489,0,0
108.14381584459427,0,0,0,0,0,0,117.61751232019647,0,0
108.08912944896377,0,0,0,0,0,0,117.65546504487747,0,0
108.16279726802493,0,0,0,0,0,0,117.51597301657267,0,0
108.11229618574181,0,0,0,0,0,0,117.47156386715032,0,0
108.04843416712035,0,0,0,0,0,0,117.40481621881236,0,0
107.96937262835526,0,0,0,0,0,0,117.46669942367618,0,0
107.9024544095156,0,0,0,0,0,0,117.40088488755647,0,0
107.97388007299331,0,0,0,0,0,0,117.34984062144522,0,0
107.91407445632034,0,0,0,0,0,0,117.42567850711961,0,0
107.85750487066674,0,0,0,0,0,0,117.61559989214648,0,0
107.93556962391413,0,0,0,0,0,0,117.6398424394781,0,0
108.02456268984459,0,0,0,0,0,0,118.00538049767121,0,0
108.09772187051966,0,0,0,0,0,0,118.01168058944617,0,0
108.0367567979661,0,0,0,0,0,0,117.94123209621836,0,0
108.1316147378145,0,0,0,0,0,0,118.02556291974192,0,0
108.06930901027532,0,0,0,0,0,0,117.99420221206395,0,0
108.00834981236461,0,0,0,0,0,0,118.21927335315802,0,0
107.96145317562345,0,0,0,0,0,0,118.27188437269785,0,0
107.9333238666002,0,0,0,0,0,0,118.21647101129098,0,0
108.01874340958035,0,0,0,0,0,0,118.62476988970069,0,0
107.96234271121622,0,0,0,0,0,0,118.65033267434701,0,0
107.90189140780157,0,0,0,0,0,0,118.56522574551971,0,0
107.84472650909724,0,0,0,0,0,0,118.87268790604904,0,0
107.79019693880119,0,0,0,0,0,0,118.89651275232116,0,0
107.73590668538509,0,0,0,0,0,0,118.79791384236009,0,0
107.67480636172648,0,0,0,0,0,0,119.21272805016137,0,0
107.62074546918144,0,0,0,0,0,0,119.04758119331429,0,0
107.55918368221398,0,0,0,0,0,0,118.84525612825625,0,0
107.50822729136952,0,0,0,0,0,0,118.68439386609,0,0
107.46036162825946,0,0,0,0,0,0,118.68067244086303,0,0
107.4136797063317,0,0,0,0,0,0,118.66126104377672,0,0
107.52000408254693,0,0,0,0,0,0,118.58960023898997,0,0
107.74447503249164,0,0,0,0,0,0,118.67967118807813,0,0
107.6995146819081,0,0,0,0,0,0,118.62634491147126,0,0
107.6620665418407,0,0,0,0,0,0,118.44427538888185,0,0
107.74484856372555,0,0,0,0,0,0,118.53888306596055,0,0
107.68602579754861,0,0,0,0,0,0,118.22317241514229,0,0
107.63582798553577,0,0,0,0,0,0,117.9855988205237,0,0
107.60275584175982,0,0,0,0,0,0,118.1496540391576,0,0
107.69804560972834,0,0,0,0,0,0,117.99708127160172,0,0
107.65031347491954,0,0,0,0,0,0,117.66875574518724,0,0
107.60456227643428,0,0,0,0,0,0,117.35314536191889,0,0
107.56522734890946,0,0,0,0,0,0,117.24811348074732,0,0
107.50665584410821,0,0,0,0,0,0,116.83929160320156,0,0
107.47373263040615,0,0,0,0,0,0,116.18614135125237,0,0
107.42025807682174,0,0,0,0,0,0,117.1165553611852,0,0
107.38651471690612,0,0,0,0,0,0,116.85734716672,0,0
107.34464648419349,0,0,0,0,0,0,116.5718833540984,0,0
107.2971473681787,0,0,0,0,0,0,116.22016383139267,0,0
107.26469063982017,0,0,0,0,0,0,116.54710729306763,0,0
107.21709428348129,0,0,0,0,0,0,116.24099370585294,0,0
107.31310880548963,0,0,0,0,0,0,115.63481341647214,0,0
107.28014207009171,0,0,0,0,0,0,116.05292306358808,0,0
107.2360249675084,0,0,0,0,0,0,115.79189929788325,0,0
107.20898340050611,0,0,0,0,0,0,115.60756598948338,0,0
107.31460385124524,0,0,0,0,0,0,116.01600974647397,0,0
107.2603928786191,0,0,0,0,0,0,115.55404641149953,0,0
107.22359124376433,0,0,0,0,0,0,115.15128612598029,0,0
107.21056896411588,0,0,0,0,0,0,115.60646253286632,0,0
107.3155702900009,0,0,0,0,0,0,115.83048530395988,0,0
107.29021673434185,0,0,0,0,0,0,115.4420229641915,0,0
107.25528560295704,0,0,0,0,0,0,115.90831693810959,0,0
107.21320930752883,0,0,0,0,0,0,116.39804075734958,0,0
107.17417803178145,0,0,0,0,0,0,116.2499133397447,0,0
107.13748749503915,0,0,0,0,0,0,116.25296497913821,0,0
107.09694366040617,0,0,0,0,0,0,116.9643140930531,0,0
107.05516636751952,0,0,0,0,0,0,116.90256087074162,0,0
107.02717712731402,0,0,0,0,0,0,116.2495164792622,0,0
107.12798766174201,0,0,0,0,0,0,115.9815724969276,0,0
107.0804438832012,0,0,0,0,0,0,116.61283693384136,0,0
107.0265726565509,0,0,0,0,0,0,116.36209037800178,0,0
106.98656751169648,0,0,0,0,0,0,116.27719264934996,0,0
106.95243534263052,0,0,0,0,0,0,116.29200689618595,0,0
106.9117655446277,0,0,0,0,0,0,115.98076960065993,0,0
106.86127444467267,0,0,0,0,0,0,115.43603827524542,0,0
106.82295481609097,0,0,0,0,0,0,114.64395893805437,0,0
106.78049340292183,0,0,0,0,0,0,113.99013614747166,0,0
106.86680016283566,0,0,0,0,0,0,113.51968361992124,0,0
106.83486069052005,0,0,0,0,0,0,114.02994859920568,0,0
106.80293558757111,0,0,0,0,0,0,113.83117187483816,0,0
106.76436119135836,0,0,0,0,0,0,113.30716319918973,0,0
106.72721481342991,0,0,0,0,0,0,112.90135768234883,0,0
106.67853625903895,0,0,0,0,0,0,112.04648673895672,0,0
106.65958685349524,0,0,0,0,0,0,111.4315275671881,0,0
106.77605101554175,0,0,0,0,0,0,112.026887762155,0,0
106.74254770773362,0,0,0,0,0,0,112.39494548515901,0,0
106.71494509345317,0,0,0,0,0,0,112.20513684031141,0,0
106.68659298272568,0,0,0,0,0,0,111.85286769527474,0,0
106.65861382141652,0,0,0,0,0,0,111.27441792961788,0,0
106.62982557856479,0,0,0,0,0,0,112.4897123990305,0,0
106.60678611215467,0,0,0,0,0,0,112.00553143074006,0,0
106.5732792425354,0,0,0,0,0,0,111.44691574955695,0,0
106.54736957695474,0,0,0,0,0,0,112.35168985424535,0,0
106.51952920182002,0,0,0,0,0,0,111.75715075416677,0,0
106.49552726442464,0,0,0,0,0,0,110.86885741054246,0,0
106.47389963117826,0,0,0,0,0,0,111.68076543573225,0,0
106.43836778010548,0,0,0,0,0,0,111.50810478115211,0,0
106.42446211083002,0,0,0,0,0,0,112.43022378401771,0,0
106.39487575503529,0,0,0,0,0,0,112.27121854801857,0,0
106.3669564324551,0,0,0,0,0,0,111.99953499042685,0,0
106.3361267694473,0,0,0,0,0,0,112.26277140969728,0,0
106.31300906618773,0,0,0,0,0,0,112.09296854049923,0,0
106.29504800424725,0,0,0,0,0,0,111.87418691851515,0,0
106.421394058712,0,0,0,0,0,0,111.74430317681575,0,0
106.53237643641134,0,0,0,0,0,0,112.99166283695344,0,0
106.50571815393506,0,0,0,0,0,0,113.12423082508562,0,0
106.48625780497406,0,0,0,0,0,0,112.74406825627206,0,0
106.47112613917905,0,0,0,0,0,0,111.95973285114094,0,0
106.45985122087663,0,0,0,0,0,0,111.26276761802598,0,0
106.4452674381939,0,0,0,0,0,0,111.26276761802598,0,0
106.41951762978114,0,0,0,0,0,0,110.4019402317599,0,0
106.39809202936333,0,0,0,0,0,0,110.4019402317599,0,0
106.37826155076486,0,0,0,0,0,0,110.4019402317599,0,0
106.35405155719288,0,0,0,0,0,0,110.518815964701,0,0
106.33347746284628,0,0,0,0,0,0,109.61120253860219,0,0
106.31376284857643,0,0,0,0,0,0,109.61120253860219,0,0
106.43301258399538,0,0,0,0,0,0,109.61120253860219,0,0
106.41603020870194,0,0,0,0,0,0,109.14156535881848,0,0
106.393667459381,0,0,0,0,0,0,108.66087789245165,0,0
106.37486191935434,0,0,0,0,0,0,108.66087789245165,0,0
106.3473255161565,0,0,0,0,0,0,108.1687454864094,0,0
106.33399416963209,0,0,0,0,0,0,107.7582270836389,0,0
106.31993070085967,0,0,0,0,0,0,107.41993190959987,0,0
106.293899112351,0,0,0,0,0,0,106.87403360074859,0,0
106.27509134855323,0,0,0,0,0,0,106.87403360074859,0,0
106.24841093949588,0,0,0,0,0,0,106.31395611504402,0,0
106.22712287540003,0,0,0,0,0,0,106.31395611504402,0,0
106.20845302630538,0,0,0,0,0,0,106.31395611504402,0,0
106.18775636322215,0,0,0,0,0,0,106.31395611504402,0,0
106.16085598703148,0,0,0,0,0,0,107.68401043010715,0,0
106.13703102800709,0,0,0,0,0,0,107.68401043010715,0,0
106.25440753144291,0,0,0,0,0,0,107.11979723584192,0,0
106.24093268065616,0,0,0,0,0,0,107.11979723584192,0,0
106.22552240628012,0,0,0,0,0,0,106.37538627430405,0,0
106.34660598081928,0,0,0,0,0,0,106.37538627430405,0,0
106.32182670886155,0,0,0,0,0,0,106.37538627430405,0,0
106.29900885331888,0,0,0,0,0,0,106.46272033285615,0,0
106.40436291430358,0,0,0,0,0,0,106.43686586171162,0,0
106.3741508698092,0,0,0,0,0,0,106.34250236345814,0,0
106.34524186912135,0,0,0,0,0,0,106.15813223123087,0,0
106.31790820367317,0,0,0,0,0,0,104.58589843327029,0,0
106.29430243628072,0,0,0,0,0,0,104.33617855959085,0,0
106.27099259998222,0,0,0,0,0,0,104.00405581210053,0,0
106.25098476963254,0,0,0,0,0,0,103.59233285021882,0,0
106.22141049931929,0,0,0,0,0,0,103.21659699183357,0,0
106.19534081410737,0,0,0,0,0,0,102.9338812969897,0,0
106.16415659208985,0,0,0,0,0,0,104.1327907014688,0,0
106.15456760799803,0,0,0,0,0,0,103.65724850453769,0,0
106.28101796068934,0,0,0,0,0,0,103.611436963675,0,0
106.25680441965822,0,0,0,0,0,0,103.3510920205618,0,0
106.23260837034896,0,0,0,0,0,0,102.31546592023254,0,0
106.20012770420254,0,0,0,0,0,0,102.02228186331257,0,0
106.1718358688034,0,0,0,0,0,0,101.6122541918947,0,0
106.14518073296013,0,0,0,0,0,0,101.44700085275011,0,0
106.12638862423405,0,0,0,0,0,0,102.8355598210693,0,0
106.09856665025465,0,0,0,0,0,0,102.68755895687404,0,0
106.07714605390343,0,0,0,0,0,0,102.61912187233956,0,0
106.0571740420187,0,0,0,0,0,0,103.03319414107763,0,0
106.03150067337909,0,0,0,0,0,0,102.8905982916451,0,0
106.01207845015223,0,0,0,0,0,0,102.5839900518567,0,0
106.13678160174715,0,0,0,0,0,0,102.36376316123598,0,0
106.10639910057866,0,0,0,0,0,0,102.05257915516462,0,0
106.07972128860192,0,0,0,0,0,0,101.58796883653248,0,0
106.06334200529743,0,0,0,0,0,0,101.02446645918312,0,0
106.18050662181899,0,0,0,0,0,0,100.74695616576737,0,0
106.15482029597692,0,0,0,0,0,0,99.53778425814329,0,0
106.12926758628595,0,0,0,0,0,0,99.33811563330723,0,0
106.11023183126036,0,0,0,0,0,0,101.00418069705432,0,0
106.09140658720318,0,0,0,0,0,0,100.75409196396527,0,0
106.06600467917175,0,0,0,0,0,0,100.40204495847597,0,0
106.05502392636704,0,0,0,0,0,0,99.91831861665251,0,0
106.03724795009921,0,0,0,0,0,0,101.588413397277,0,0
106.01556877218474,0,0,0,0,0,0,101.47762981363884,0,0
105.9951143326147,0,0,0,0,0,0,101.15906825391339,0,0
105.97804890953631,0,0,0,0,0,0,100.8466158083049,0,0
105.9470033474303,0,0,0,0,0,0,100.25453611335989,0,0
105.92592373577564,0,0,0,0,0,0,101.67098995358167,0,0
105.91412332856537,0,0,0,0,0,0,101.25008736503305,0,0
105.89850448802278,0,0,0,0,0,0,101.03102659706116,0,0
105.88491788455886,0,0,0,0,0,0,100.65135045536292,0,0
105.86442700318382,0,0,0,0,0,0,100.1503925751316,0,0
105.85039254781185,0,0,0,0,0,0,99.55523820987511,0,0
105.83474904488018,0,0,0,0,0,0,99.10480111542431,0,0
105.81474578724111,0,0,0,0,0,0,98.59065129093005,0,0
105.80117548191326,0,0,0,0,0,0,98.20832993173465,0,0
105.77545008040545,0,0,0,0,0,0,96.59882382289311,0,0
105.7609485427764,0,0,0,0,0,0,96.19283384104503,0,0
105.74345140157861,0,0,0,0,0,0,97.69882876755898,0,0
105.73160328034594,0,0,0,0,0,0,97.41834080466245,0,0
105.721533037874,0,0,0,0,0,0,99.24444376762465,0,0
105.71597003660432,0,0,0,0,0,0,101.12011368556915,0,0
105.71516442151082,0,0,0,0,0,0,100.99830653665275,0,0
105.70870141076881,0,0,0,0,0,0,100.87625655990858,0,0
105.70085794318341,0,0,0,0,0,0,100.43952918585735,0,0
105.69496697042317,0,0,0,0,0,0,99.6923753865985,0,0
105.68273477981863,0,0,0,0,0,0,98.04067472601963,0,0
105.67527942006078,0,0,0,0,0,0,97.30600100424363,0,0
105.67212088827719,0,0,0,0,0,0,96.54040335601955,0,0
105.6688842548216,0,0,0,0,0,0,98.39496867150481,0,0
105.66683466377073,0,0,0,0,0,0,98.15397471120583,0,0
105.6661374135155,0,0,0,0,0,0,97.69628417573757,0,0
105.66024597339992,0,0,0,0,0,0,97.20515749023303,0,0
105.65212282498412,0,0,0,0,0,0,96.72464776125999,0,0
105.64557931482157,0,0,0,0,0,0,95.8786029908018,0,0
105.63794782358545,0,0,0,0,0,0,95.53145558630278,0,0
105.63794782358545,0,0,0,0,0,0,95.2790196600534,0,0
105.63794782358545,0,0,0,0,0,0,99.92677671664137,0,0
105.63794782358545,0,0,0,0,0,0,99.92677671664137,0,0
105.63794782358545,0,0,0,0,0,0,99.92677671664137,0,0
105.63794782358545,0,0,0,0,0,0,99.92677671664137,0,0
105.63794782358545,0,0,0,0,0,0,99.92677671664137,0,0
105.63794782358545,0,0,0,0,0,0,99.92677671664137,0,0
105.63794782358545,0,0,0,0,0,0,99.92677671664137,0,0
105.63794782358545,0,0,0,0,0,0,99.92677671664137,0,0
105.63794782358545,0,0,0,0,0,0,99.92677671664137,0,0
105.63794782358545,0,0,0,0,0,0,99.92677671664137,0,0
105.63388979090666,0,0,0,0,0,0,99.92677671664137,0,0
105.63388979090666,0,0,0,0,0,0,99.92677671664137,0,0
105.63148279010683,0,0,0,0,0,0,99.92677671664137,0,0
105.63008682743842,0,0,0,0,0,0,99.92677671664137,0,0
105.62748758807668,0,0,0,0,0,0,99.92677671664137,0,0
105.62042129196188,0,0,0,0,0,0,99.92677671664137,0,0
105.61763852402584,0,0,0,0,0,0,99.92677671664137,0,0
105.608029179671,0,0,0,0,0,0,99.92677671664137,0,0
105.59819562161158,0,0,0,0,0,0,99.92677671664137,0,0
105.58853418190053,0,0,0,0,0,0,99.92677671664137,0,0
105.7186437994176,0,0,0,0,0,0,99.92677671664137,0,0
105.71621495313327,0,0,0,0,0,0,99.92677671664137,0,0
105.70159586824802,0,0,0,0,0,0,99.92677671664137,0,0
105.69162275643119,0,0,0,0,0,0,99.92677671664137,0,0
105.68635434682993,0,0,0,0,0,0,99.92677671664137,0,0
105.6810921971615,0,0,0,0,0,0,99.92677671664137,0,0
105.66852806852316,0,0,0,0,0,0,99.92677671664137,0,0
105.65264155143787,0,0,0,0,0,0,99.9249461345574,0,0
105.63699650140153,0,0,0,0,0,0,99.9249461345574,0,0
105.6189556691414,0,0,0,0,0,0,99.9249461345574,0,0
105.61099215491822,0,0,0,0,0,0,99.9249461345574,0,0
105.58980623447269,0,0,0,0,0,0,99.9249461345574,0,0
105.58120506628917,0,0,0,0,0,0,99.9249461345574,0,0
105.55907797712545,0,0,0,0,0,0,99.9249461345574,0,0
105.54727673532973,0,0,0,0,0,0,99.9249461345574,0,0
105.53033571486225,0,0,0,0,0,0,99.9249461345574,0,0
105.51357465940387,0,0,0,0,0,0,99.9249461345574,0,0
105.63389974899384,0,0,0,0,0,0,99.9249461345574,0,0
105.6113661791166,0,0,0,0,0,0,99.9249461345574,0,0
105.59162757207687,0,0,0,0,0,0,99.9249461345574,0,0
105.57284419055206,0,0,0,0,0,0,99.9249461345574,0,0
105.56126033467832,0,0,0,0,0,0,99.9249461345574,0,0
105.5493584346955,0,0,0,0,0,0,99.9249461345574,0,0
105.6777530242342,0,0,0,0,0,0,99.9249461345574,0,0
105.6645770652964,0,0,0,0,0,0,99.9249461345574,0,0
105.64008143584407,0,0,0,0,0,0,99.9249461345574,0,0
105.62521411875426,0,0,0,0,0,0,99.92302167646913,0,0
105.6050045674683,0,0,0,0,0,0,99.92302167646913,0,0
105.58622953400022,0,0,0,0,0,0,99.92302167646913,0,0
105.56429173513817,0,0,0,0,0,0,99.68246651717114,0,0
105.54468475883355,0,0,0,0,0,0,99.48271773520139,0,0
105.5208875728248,0,0,0,0,0,0,99.10386958899575,0,0
105.49458071119994,0,0,0,0,0,0,99.05533043538641,0,0
105.47569336396685,0,0,0,0,0,0,98.80900271879932,0,0
105.45309093858678,0,0,0,0,0,0,98.48937750965914,0,0
105.42338786721675,0,0,0,0,0,0,98.01043514378611,0,0
105.39707526623066,0,0,0,0,0,0,97.83168981369909,0,0
105.38090748041486,0,0,0,0,0,0,97.33029608437465,0,0
105.49549854938903,0,0,0,0,0,0,96.97449247406739,0,0
105.46633187312733,0,0,0,0,0,0,96.53069832303949,0,0
105.42607204558729,0,0,0,0,0,0,96.13452808550296,0,0
105.39482260229641,0,0,0,0,0,0,95.69929304884984,0,0
105.35746554017173,0,0,0,0,0,0,95.25735705162492,0,0
105.3225426413681,0,0,0,0,0,0,94.62584418863729,0,0
105.28173024034945,0,0,0,0,0,0,94.00243842678901,0,0
105.26303853121186,0,0,0,0,0,0,93.19453288126599,0,0
105.23481860643514,0,0,0,0,0,0,94.87785943764882,0,0
105.21250688669366,0,0,0,0,0,0,94.38017872021254,0,0
105.19124973439254,0,0,0,0,0,0,93.89378661756818,0,0
105.30361502908896,0,0,0,0,0,0,93.06653155515782,0,0
105.27848081182263,0,0,0,0,0,0,92.510409100383,0,0
105.25603415746353,0,0,0,0,0,0,91.86522222976156,0,0
105.22621607381629,0,0,0,0,0,0,91.05969164844026,0,0
105.20860072240417,0,0,0,0,0,0,90.43408619907757,0,0
105.19294265305878,0,0,0,0,0,0,92.56735171977967,0,0
105.30927387398586,0,0,0,0,0,0,94.9543464055456,0,0
105.29446481195153,0,0,0,0,0,0,94.53523358530771,0,0
105.26947002239153,0,0,0,0,0,0,92.29652101864525,0,0
105.25105674823554,0,0,0,0,0,0,93.00683329296243,0,0
105.22838019611216,0,0,0,0,0,0,92.03324928627916,0,0
105.2088763705828,0,0,0,0,0,0,94.55936878817283,0,0
105.19418206235324,0,0,0,0,0,0,97.64758049835751,0,0
105.17466741459539,0,0,0,0,0,0,97.39901084995259,0,0
105.1492747787209,0,0,0,0,0,0,97.05472250662395,0,0
105.14060799118768,0,0,0,0,0,0,97.01953895689353,0,0
105.26052270457676,0,0,0,0,0,0,97.01953895689353,0,0
105.24170331022788,0,0,0,0,0,0,96.8888121171061,0,0
105.22531956477106,0,0,0,0,0,0,96.53368107232814,0,0
105.3485606294359,0,0,0,0,0,0,96.24286905846411,0,0
105.32533054639639,0,0,0,0,0,0,95.16669026822832,0,0
105.30277032278423,0,0,0,0,0,0,94.64902659006667,0,0
105.28755318760456,0,0,0,0,0,0,94.05052472741869,0,0
105.26989388392913,0,0,0,0,0,0,93.37443940515278,0,0
105.25308160979077,0,0,0,0,0,0,96.88644697034843,0,0
105.24663423102031,0,0,0,0,0,0,96.66772820652471,0,0
105.23142042675629,0,0,0,0,0,0,96.48316089628042,0,0
105.22287697308923,0,0,0,0,0,0,96.26774296512805,0,0
105.20211320032126,0,0,0,0,0,0,95.92076131278316,0,0
105.17810031983942,0,0,0,0,0,0,95.46926012680659,0,0
105.15760590682508,0,0,0,0,0,0,95.34680675517484,0,0
105.14396329608493,0,0,0,0,0,0,94.76711838859856,0,0
105.1341521212015,0,0,0,0,0,0,94.27323823279195,0,0
105.12148195126856,0,0,0,0,0,0,93.81096685823675,0,0
105.10868062337484,0,0,0,0,0,0,97.34612380663877,0,0
105.08425200001669,0,0,0,0,0,0,97.00772283257942,0,0
105.06870438208,0,0,0,0,0,0,96.89517623175738,0,0
105.05501567790728,0,0,0,0,0,0,96.5188630550578,0,0
105.05191020745663,0,0,0,0,0,0,96.00644835664163,0,0
105.03918194627747,0,0,0,0,0,0,95.54478782195247,0,0
105.03415565388588,0,0,0,0,0,0,95.12561358104718,0,0
105.0213577536041,0,0,0,0,0,0,94.23958443410982,0,0
105.0122442052264,0,0,0,0,0,0,93.59844616379326,0,0
105.0057027542082,0,0,0,0,0,0,97.85292098942023,0,0
104.99887368068843,0,0,0,0,0,0,97.85292098942023,0,0
104.98767197091665,0,0,0,0,0,0,97.6812186240955,0,0
104.97491528590456,0,0,0,0,0,0,97.53923243522694,0,0
104.95970469400498,0,0,0,0,0,0,97.166872583373,0,0
104.95411844659844,0,0,0,0,0,0,96.19433574345862,0,0
105.07549671200829,0,0,0,0,0,0,95.51992039996134,0,0
105.06841098107874,0,0,0,0,0,0,95.08217355119967,0,0
105.05340998524517,0,0,0,0,0,0,93.66754255534502,0,0
105.04402866776685,0,0,0,0,0,0,92.72798013697171,0,0
105.03131301328197,0,0,0,0,0,0,91.17293698411326,0,0
105.01612133024656,0,0,0,0,0,0,90.07821365535094,0,0
105.00253358566366,0,0,0,0,0,0,89.1870687083411,0,0
104.98716490829788,0,0,0,0,0,0,92.7522440905865,0,0
104.97713209596358,0,0,0,0,0,0,92.52456974319728,0,0
104.96702592926778,0,0,0,0,0,0,91.4705071712609,0,0
104.95921593074704,0,0,0,0,0,0,89.78256473771808,0,0
104.95185164601706,0,0,0,0,0,0,89.04770623268271,0,0
104.94419425369577,0,0,0,0,0,0,92.83662469698193,0,0
104.9405685136592,0,0,0,0,0,0,92.73174723489993,0,0
104.93481732579642,0,0,0,0,0,0,92.39162255758072,0,0
104.93187032882017,0,0,0,0,0,0,91.65305751829042,0,0
104.92408723174516,0,0,0,0,0,0,91.21532045409758,0,0
104.91823921905282,0,0,0,0,0,0,90.98593759668066,0,0
104.91222257056255,0,0,0,0,0,0,90.48937788270227,0,0
104.90503097642986,0,0,0,0,0,0,95.51656554285239,0,0
104.90009005761836,0,0,0,0,0,0,95.25283410419665,0,0
104.89106359350524,0,0,0,0,0,0,95.25283410419665,0,0
104.89337088569219,0,0,0,0,0,0,94.95613623570894,0,0
104.88833554402224,0,0,0,0,0,0,94.75033190082326,0,0
104.88374223789434,0,0,0,0,0,0,94.33782323522875,0,0
104.88337376545056,0,0,0,0,0,0,93.91779233874104,0,0
104.87975696390072,0,0,0,0,0,0,93.44390656213898,0,0
104.87623077299631,0,0,0,0,0,0,93.3390566239881,0,0
104.870615844688,0,0,0,0,0,0,92.86824402939803,0,0
104.86413680771972,0,0,0,0,0,0,92.17136307532348,0,0
104.86101138084051,0,0,0,0,0,0,91.46917041562773,0,0
104.85334687327611,0,0,0,0,0,0,90.80540428690013,0,0
104.84915067887214,0,0,0,0,0,0,89.80081852985282,0,0
104.84915067887214,0,0,0,0,0,0,95.78753976517633,0,0
104.84729754678702,0,0,0,0,0,0,95.78753976517633,0,0
104.84290110647656,0,0,0,0,0,0,95.78753976517633,0,0
104.84290110647656,0,0,0,0,0,0,95.78753976517633,0,0
104.84065081219127,0,0,0,0,0,0,95.57669750998748,0,0
104.83969529679413,0,0,0,0,0,0,95.43780410239187,0,0
104.83440429150313,0,0,0,0,0,0,94.87746711540606,0,0
104.83368859739033,0,0,0,0,0,0,93.78139206635002,0,0
104.83368859739033,0,0,0,0,0,0,93.33333333333333,0,0
104.83368859739033,0,0,0,0,0,0,100.0,0,0
104.83368859739033,0,0,0,0,0,0,100.0,0,0
104.83368859739033,0,0,0,0,0,0,100.0,0,0
104.83368859739033,0,0,0,0,0,0,100.0,0,0
104.83368859739033,0,0,0,0,0,0,100.0,0,0
104.83368859739033,0,0,0,0,0,0,100.0,0,0
104.83368859739033,0,0,0,0,0,0,100.0,0,0
104.83368859739033,0,0,0,0,0,0,100.0,0,0
104.83368859739033,0,0,0,0,0,0,100.0,0,0
104.83368859739033,0,0,0,0,0,0,100.0,0,0
104.83368859739033,0,0,0,0,0,0,100.0,0,0
104.83368859739033,0,0,0,0,0,0,100.0,0,0
104.83368859739033,0,0,0,0,0,0,100.0,0,0
104.83368859739033,0,0,0,0,0,0,100.0,0,0
104.83368859739033,0,0,0,0,0,0,100.0,0,0
104.83368859739033,0,0,0,0,0,0,100.0,0,0
104.83368859739033,0,0,0,0,0,0,100.0,0,0
104.83368859739033,0,0,0,0,0,0,100.0,0,0
104.83368859739033,0,0,0,0,0,0,100.0,0,0
104.83368859739033,0,0,0,0,0,0,100.0,0,0
104.83368859739033,0,0,0,0,0,0,100.0,0,0
104.83368859739033,0,0,0,0,0,0,100.0,0,0
104.83368859739033,0,0,0,0,0,0,100.0,0,0
104.83368859739033,0,0,0,0,0,0,100.0,0,0
104.83368859739033,0,0,0,0,0,0,100.0,0,0
104.83368859739033,0,0,0,0,0,0,100.0,0,0
104.83368859739033,0,0,0,0,0,0,100.0,0,0
104.83368859739033,0,0,0,0,0,0,100.0,0,0
104.83368859739033,0,0,0,0,0,0,100.0,0,0
104.83368859739033,0,0,0,0,0,0,100.0,0,0
104.83368859739033,0,0,0,0,0,0,100.0,0,0
104.83368859739033,0,0,0,0,0,0,100.0,0,0
104.83368859739033,0,0,0,0,0,0,100.0,0,0
104.83368859739033,0,0,0,0,0,0,100.0,0,0
104.83368859739033,0,0,0,0,0,0,100.0,0,0
104.83368859739033,0,0,0,0,0,0,100.0,0,0
104.83368859739033,0,0,0,0,0,0,100.0,0,0
104.83368859739033,0,0,0,0,0,0,100.0,0,0
104.83368859739033,0,0,0,0,0,0,100.0,0,0
104.83368859739033,0,0,0,0,0,0,100.0,0,0
104.83368859739033,0,0,0,0,0,0,100.0,0,0
104.83368859739033,0,0,0,0,0,0,100.0,0,0
104.83368859739033,0,0,0,0,0,0,100.0,0,0
104.83368859739033,0,0,0,0,0,0,100.0,0,0
104.83368859739033,0,0,0,0,0,0,100.0,0,0
104.83368859739033,0,0,0,0,0,0,100.0,0,0
104.83368859739033,0,0,0,0,0,0,100.0,0,0
104.83368859739033,0,0,0,0,0,0,100.0,0,0
104.83368859739033,0,0,0,0,0,0,100.0,0,0
104.83368859739033,0,0,0,0,0,0,100.0,0,0
104.83368859739033,0,0,0,0,0,0,100.0,0,0
104.83368859739033,0,0,0,0,0,0,100.0,0,0
104.83368859739033,0,0,0,0,0,0,100.0,0,0
104.83368859739033,0,0,0,0,0,0,100.0,0,0
104.83368859739033,0,0,0,0,0,0,100.0,0,0
104.83368859739033,0,0,0,0,0,0,100.0,0,0
104.83368859739033,0,0,0,0,0,0,100.0,0,0
104.83368859739033,0,0,0,0,0,0,100.0,0,0
104.83368859739033,0,0,0,0,0,0,100.0,0,0
104.83368859739033,0,0,0,0,0,0,100.0,0,0
104.83368859739033,0,0,0,0,0,0,100.0,0,0
104.83368859739033,0,0,0,0,0,0,100.0,0,0
104.83368859739033,0,0,0,0,0,0,100.0,0,0
104.83368859739033,0,0,0,0,0,0,100.0,0,0
104.83368859739033,0,0,0,0,0,0,100.0,0,0
104.83368859739033,0,0,0,0,0,0,100.0,0,0
104.83018825082034,0,0,0,0,0,0,100.0,0,0
104.82905014136215,0,0,0,0,0,0,100.0,0,0
104.82578441570182,0,0,0,0,0,0,100.0,0,0
104.82552587159394,0,0,0,0,0,0,100.0,0,0
104.82231373616594,0,0,0,0,0,0,100.0,0,0
104.81731210252431,0,0,0,0,0,0,100.0,0,0
104.81584052961588,0,0,0,0,0,0,100.0,0,0
104.81054952432488,0,0,0,0,0,0,100.0,0,0
104.80751996488944,0,0,0,0,0,0,100.0,0,0
104.80682608396053,0,0,0,0,0,0,100.0,0,0
104.80466348526171,0,0,0,0,0,0,100.0,0,0
104.80191567956322,0,0,0,0,0,0,100.0,0,0
104.79813257930891,0,0,0,0,0,0,100.0,0,0
104.79327846735761,0,0,0,0,0,0,100.0,0,0
104.79270080765035,0,0,0,0,0,0,100.0,0,0
104.79060415487051,0,0,0,0,0,0,100.0,0,0
104.9270215721584,0,0,0,0,0,0,100.0,0,0
104.9270215721584,0,0,0,0,0,0,100.0,0,0
104.9240009836652,0,0,0,0,0,0,100.0,0,0
104.92144288884421,0,0,0,0,0,0,100.0,0,0
104.91942802670164,0,0,0,0,0,0,100.0,0,0
104.91830192114494,0,0,0,0,0,0,100.0,0,0
104.9141207742995,0,0,0,0,0,0,100.0,0,0
104.91178131372958,0,0,0,0,0,0,100.0,0,0
104.91178131372958,0,0,0,0,0,0,100.0,0,0
104.91109299419291,0,0,0,0,0,0,100.0,0,0
104.90943077163544,0,0,0,0,0,0,100.0,0,0
104.9041327583904,0,0,0,0,0,0,100.0,0,0
104.90159442285386,0,0,0,0,0,0,100.0,0,0
104.90159442285386,0,0,0,0,0,0,100.0,0,0
104.89629640960882,0,0,0,0,0,0,100.0,0,0
104.89629640960882,0,0,0,0,0,0,100.0,0,0
104.89362514178384,0,0,0,0,0,0,100.0,0,0
104.89362514178384,0,0,0,0,0,0,100.0,0,0
104.89362514178384,0,0,0,0,0,0,100.0,0,0
104.89101255598197,0,0,0,0,0,0,100.0,0,0
104.88804088191078,0,0,0,0,0,0,100.0,0,0
104.88563123281374,0,0,0,0,0,0,100.0,0,0
104.88469441442194,0,0,0,0,0,0,100.0,0,0
104.88146245058574,0,0,0,0,0,0,100.0,0,0
104.87739852635622,0,0,0,0,0,0,99.73357372441966,0,0
104.87547588355142,0,0,0,0,0,0,98.82135334164805,0,0
104.87086312577934,0,0,0,0,0,0,98.0521131388594,0,0
104.86819049531132,0,0,0,0,0,0,97.20161255557309,0,0
104.86819049531132,0,0,0,0,0,0,96.48162510636283,0,0
104.86610330208202,0,0,0,0,0,0,96.00692433407158,0,0
104.86366744949049,0,0,0,0,0,0,95.41016618474922,0,0
104.85936228047821,0,0,0,0,0,0,94.89172218574086,0,0
104.8572789433138,0,0,0,0,0,0,94.36111846107987,0,0
104.85511825625476,0,0,0,0,0,0,93.49809734392908,0,0
104.85281255818336,0,0,0,0,0,0,92.37721078123145,0,0
104.85281255818336,0,0,0,0,0,0,91.43697117135866,0,0
104.85058938972696,0,0,0,0,0,0,90.78244700023869,0,0
104.84871958263923,0,0,0,0,0,0,90.36758422265422,0,0
104.84403050308417,0,0,0,0,0,0,89.14016770474373,0,0
104.83918732468153,0,0,0,0,0,0,89.1057667963953,0,0
104.83750118158389,0,0,0,0,0,0,88.88888888888889,0,0
104.83406226066097,0,0,0,0,0,0,100.0,0,0
104.83133328209263,0,0,0,0,0,0,100.0,0,0
104.82603526884759,0,0,0,0,0,0,100.0,0,0
104.82573164541907,0,0,0,0,0,0,100.0,0,0
104.82346528299631,0,0,0,0,0,0,100.0,0,0
104.82149265015495,0,0,0,0,0,0,100.0,0,0
104.82149265015495,0,0,0,0,0,0,100.0,0,0
104.81747127872165,0,0,0,0,0,0,100.0,0,0
104.81531776826023,0,0,0,0,0,0,100.0,0,0
104.81531776826023,0,0,0,0,0,0,100.0,0,0
104.80974875575589,0,0,0,0,0,0,100.0,0,0
104.80416885066657,0,0,0,0,0,0,100.0,0,0
104.80098454525873,0,0,0,0,0,0,100.0,0,0
104.79416127001352,0,0,0,0,0,0,100.0,0,0
104.7851781974126,0,0,0,0,0,0,100.0,0,0
104.77835940365334,0,0,0,0,0,0,100.0,0,0
104.775491465176,0,0,0,0,0,0,100.0,0,0
104.77019345193096,0,0,0,0,0,0,100.0,0,0
104.76258779997372,0,0,0,0,0,0,100.0,0,0
104.75744320781023,0,0,0,0,0,0,100.0,0,0
104.75310005863179,0,0,0,0,0,0,100.0,0,0
104.74903969234575,0,0,0,0,0,0,100.0,0,0
104.7476103950314,0,0,0,0,0,0,100.0,0,0
104.74296059296306,0,0,0,0,0,0,100.0,0,0
104.736321169664,0,0,0,0,0,0,100.0,0,0
104.73030876359731,0,0,0,0,0,0,100.0,0,0
104.72797120940577,0,0,0,0,0,0,100.0,0,0
104.72731275500844,0,0,0,0,0,0,100.0,0,0
104.72358881517775,0,0,0,0,0,0,100.0,0,0
104.71370078440602,0,0,0,0,0,0,100.0,0,0
104.70526301125292,0,0,0,0,0,0,100.0,0,0
104.69750785694802,0,0,0,0,0,0,100.0,0,0
104.69493078150992,0,0,0,0,0,0,100.0,0,0
104.68528361581932,0,0,0,0,0,0,100.0,0,0
104.68283148396455,0,0,0,0,0,0,99.08319795907205,0,0
104.67422489392186,0,0,0,0,0,0,98.36012398139003,0,0
104.66805296137234,0,0,0,0,0,0,97.14823392400598,0,0
104.65736399680937,0,0,0,0,0,0,95.629836988977,0,0
104.64715390260149,0,0,0,0,0,0,94.03205305003102,0,0
104.6402842765622,0,0,0,0,0,0,93.65040513545091,0,0
104.63734026305173,0,0,0,0,0,0,92.22278070533633,0,0
104.63150152275206,0,0,0,0,0,0,91.4188565997038,0,0
104.62347851812368,0,0,0,0,0,0,88.99965808733056,0,0
104.61793350565519,0,0,0,0,0,0,86.27806637678124,0,0
104.61673610605395,0,0,0,0,0,0,83.33333333333333,0,0
104.61259813714162,0,0,0,0,0,0,100.0,0,0
104.61173644598077,0,0,0,0,0,0,100.0,0,0
104.60568015215235,0,0,0,0,0,0,100.0,0,0
104.60345925070426,0,0,0,0,0,0,100.0,0,0
104.60022554119944,0,0,0,0,0,0,100.0,0,0
104.59622488070588,0,0,0,0,0,0,100.0,0,0
104.59253755715228,0,0,0,0,0,0,100.0,0,0
104.5835491568933,0,0,0,0,0,0,100.0,0,0
104.58042311995042,0,0,0,0,0,0,100.0,0,0
104.57570193622229,0,0,0,0,0,0,100.0,0,0
104.56998658039285,0,0,0,0,0,0,100.0,0,0
104.56700836469271,0,0,0,0,0,0,100.0,0,0
104.56171035144769,0,0,0,0,0,0,100.0,0,0
104.55540184392788,0,0,0,0,0,0,97.55617906669363,0,0
104.55540184392788,0,0,0,0,0,0,91.53624769424172,0,0
104.5480240921419,0,0,0,0,0,0,89.7804075871505,0,0
104.54510856325584,0,0,0,0,0,0,87.98531471974985,0,0
104.5401782631499,0,0,0,0,0,0,82.6659982995179,0,0
104.535213860277,0,0,0,0,0,0,78.39223864174942,0,0
104.52788598740676,0,0,0,0,0,0,69.40164750975254,0,0
104.52154858883286,0,0,0,0,0,0,63.03271901335995,0,0
104.5196952327611,0,0,0,0,0,0,56.32485795071922,0,0
104.51776162760895,0,0,0,0,0,0,50.13958438432961,0,0
104.51412836524253,0,0,0,0,0,0,50.0,0,0
104.50911137497258,0,0,0,0,0,0,100.0,0,0
104.50907197162368,0,0,0,0,0,0,100.0,0,0
104.50907197162368,0,0,0,0,0,0,100.0,0,0
104.50907197162368,0,0,0,0,0,0,100.0,0,0
104.50392789978419,0,0,0,0,0,0,100.0,0,0
104.50097435321027,0,0,0,0,0,0,100.0,0,0
104.49937427670925,0,0,0,0,0,0,100.0,0,0
104.49407626346422,0,0,0,0,0,0,100.0,0,0
104.49407626346422,0,0,0,0,0,0,100.0,0,0
104.49296360059432,0,0,0,0,0,0,100.0,0,0
104.49269338447763,0,0,0,0,0,0,100.0,0,0
104.49113931842238,0,0,0,0,0,0,100.0,0,0
104.48584130517736,0,0,0,0,0,0,97.28224602940863,0,0
104.4818424017714,0,0,0,0,0,0,91.97773510553036,0,0
104.47858321160702,0,0,0,0,0,0,85.21484097733563,0,0
104.47507230628823,0,0,0,0,0,0,81.16446523786378,0,0
104.47193525362268,0,0,0,0,0,0,73.91505004440899,0,0
104.47163353869699,0,0,0,0,0,0,65.47602557258614,0,0
104.46866270734263,0,0,0,0,0,0,55.63225072884532,0,0
104.46787188045047,0,0,0,0,0,0,52.62864453941024,0,0
104.46771901090231,0,0,0,0,0,0,45.25407546836123,0,0
104.46245081996395,0,0,0,0,0,0,41.87318144600981,0,0
104.46031235359483,0,0,0,0,0,0,38.84998053440438,0,0
104.46031235359483,0,0,0,0,0,0,30.1508831648055,0,0
104.45754024924133,0,0,0,0,0,0,20.175823115914206,0,0
104.45684747563664,0,0,0,0,0,0,13.04397709288565,0,0
104.45376168982637,0,0,0,0,0,0,3.2610909148394747,0,0
104.45376168982637,0,0,0,0,0,0,0.0,0,0
104.45376168982637,0,0,0,0,0,0,0,0,0
