Blue Sm2,Blue Sc2,Blue Sc1,Red Pc2,Red Pm2,Blue Sm1,Red Pi2,Red Pc1,Red Pi1,Red Pm1
169.0,576.0,576.0,256.0,225.0,169.0,100.0,256.0,100.0,225.0
169.0,576.0,576.0,256.0,225.0,169.0,100.0,256.0,100.0,225.0
169.0,576.0,576.0,256.0,225.0,169.0,100.0,256.0,100.0,225.0
169.0,576.0,576.0,256.0,225.0,169.0,100.0,256.0,100.0,225.0
169.0,575.0,576.0,256.0,225.0,169.0,100.0,256.0,100.0,225.0
169.0,575.0,575.0,256.0,225.0,169.0,100.0,256.0,100.0,225.0
169.0,574.0,575.0,256.0,225.0,169.0,100.0,256.0,100.0,225.0
169.0,573.0,574.0,256.0,225.0,169.0,100.0,256.0,100.0,225.0
169.0,571.0,571.0,256.0,225.0,169.0,100.0,256.0,100.0,225.0
169.0,570.0,569.0,256.0,225.0,169.0,100.0,256.0,100.0,225.0
169.0,570.0,569.0,256.0,225.0,169.0,100.0,256.0,100.0,225.0
169.0,568.0,569.0,256.0,225.0,169.0,100.0,256.0,100.0,225.0
169.0,567.0,567.0,256.0,225.0,169.0,100.0,256.0,100.0,225.0
169.0,566.0,567.0,256.0,225.0,169.0,100.0,256.0,100.0,225.0
169.0,565.0,566.0,256.0,225.0,169.0,100.0,256.0,100.0,225.0
169.0,564.0,566.0,256.0,225.0,169.0,100.0,256.0,100.0,225.0
169.0,563.0,563.0,256.0,225.0,169.0,100.0,256.0,100.0,225.0
169.0,562.0,562.0,256.0,225.0,169.0,100.0,256.0,100.0,225.0
169.0,561.0,562.0,256.0,225.0,169.0,100.0,256.0,100.0,225.0
169.0,560.0,561.0,256.0,225.0,169.0,100.0,256.0,100.0,225.0
169.0,558.0,559.0,256.0,225.0,169.0,100.0,256.0,100.0,225.0
169.0,558.0,559.0,256.0,225.0,169.0,100.0,256.0,100.0,225.0
169.0,556.0,557.0,256.0,225.0,169.0,100.0,256.0,100.0,225.0
169.0,555.0,556.0,256.0,225.0,169.0,100.0,256.0,100.0,225.0
169.0,555.0,554.0,256.0,225.0,169.0,100.0,256.0,100.0,225.0
169.0,552.0,554.0,256.0,225.0,169.0,100.0,256.0,100.0,225.0
169.0,552.0,552.0,256.0,225.0,169.0,100.0,256.0,100.0,225.0
169.0,552.0,551.0,256.0,225.0,169.0,100.0,256.0,100.0,225.0
169.0,550.0,551.0,256.0,225.0,169.0,100.0,256.0,100.0,225.0
169.0,549.0,548.0,256.0,225.0,169.0,100.0,256.0,100.0,225.0
169.0,548.0,547.0,256.0,225.0,169.0,100.0,256.0,100.0,225.0
169.0,547.0,546.0,256.0,225.0,169.0,100.0,256.0,100.0,225.0
169.0,546.0,545.0,256.0,225.0,169.0,100.0,256.0,100.0,225.0
169.0,544.0,544.0,256.0,225.0,169.0,100.0,256.0,100.0,225.0
169.0,543.0,542.0,256.0,225.0,169.0,100.0,256.0,100.0,225.0
169.0,543.0,542.0,256.0,225.0,169.0,100.0,256.0,100.0,225.0
169.0,542.0,540.0,256.0,225.0,169.0,100.0,256.0,100.0,225.0
169.0,539.0,538.0,256.0,225.0,169.0,100.0,256.0,100.0,225.0
169.0,538.0,537.0,256.0,225.0,169.0,100.0,256.0,100.0,225.0
169.0,537.0,537.0,256.0,225.0,169.0,100.0,256.0,100.0,225.0
169.0,536.0,535.0,256.0,225.0,169.0,100.0,256.0,100.0,225.0
169.0,534.0,533.0,256.0,225.0,169.0,100.0,256.0,100.0,225.0
169.0,534.0,533.0,256.0,225.0,169.0,100.0,256.0,100.0,225.0
169.0,532.0,532.0,256.0,225.0,169.0,100.0,256.0,100.0,225.0
169.0,530.0,529.0,256.0,225.0,169.0,100.0,256.0,100.0,225.0
169.0,530.0,528.0,256.0,225.0,169.0,100.0,256.0,100.0,225.0
169.0,528.0,527.0,256.0,225.0,169.0,100.0,256.0,100.0,225.0
169.0,526.0,526.0,256.0,225.0,169.0,100.0,256.0,100.0,225.0
169.0,526.0,525.0,256.0,225.0,169.0,100.0,256.0,100.0,225.0
169.0,525.0,524.0,256.0,225.0,169.0,100.0,256.0,100.0,225.0
169.0,523.0,523.0,256.0,225.0,169.0,100.0,256.0,100.0,225.0
169.0,523.0,521.0,256.0,225.0,169.0,100.0,256.0,100.0,225.0
169.0,521.0,520.0,256.0,225.0,169.0,100.0,256.0,100.0,225.0
169.0,520.0,519.0,256.0,225.0,169.0,100.0,256.0,100.0,225.0
687.0,518.0,516.0,256.0,225.0,685.0,100.0,256.0,100.0,225.0
686.0,0,0,256.0,225.0,684.0,100.0,256.0,100.0,225.0
684.0,0,0,256.0,225.0,683.0,100.0,256.0,100.0,225.0
684.0,0,0,256.0,225.0,682.0,100.0,256.0,100.0,225.0
681.0,0,0,256.0,225.0,680.0,100.0,256.0,100.0,225.0
681.0,0,0,256.0,225.0,680.0,100.0,256.0,100.0,225.0
680.0,0,0,256.0,225.0,680.0,100.0,256.0,100.0,225.0
679.0,0,0,256.0,225.0,679.0,100.0,256.0,100.0,225.0
679.0,0,0,256.0,225.0,676.0,100.0,256.0,100.0,225.0
677.0,0,0,256.0,225.0,676.0,100.0,256.0,100.0,225.0
677.0,0,0,256.0,225.0,674.0,100.0,256.0,100.0,225.0
675.0,0,0,256.0,225.0,673.0,100.0,256.0,100.0,225.0
675.0,0,0,256.0,225.0,673.0,100.0,256.0,100.0,225.0
675.0,0,0,256.0,225.0,673.0,100.0,256.0,100.0,225.0
674.0,0,0,256.0,225.0,672.0,100.0,256.0,100.0,225.0
674.0,0,0,256.0,225.0,672.0,100.0,256.0,100.0,225.0
673.0,0,0,256.0,225.0,670.0,100.0,256.0,100.0,225.0
673.0,0,0,256.0,225.0,670.0,100.0,256.0,100.0,225.0
673.0,0,0,256.0,225.0,670.0,100.0,256.0,100.0,225.0
672.0,0,0,256.0,225.0,669.0,100.0,256.0,100.0,225.0
672.0,0,0,256.0,225.0,669.0,100.0,256.0,100.0,225.0
672.0,0,0,256.0,225.0,669.0,100.0,256.0,100.0,225.0
672.0,0,0,256.0,225.0,667.0,100.0,256.0,100.0,225.0
671.0,0,0,256.0,225.0,667.0,100.0,256.0,100.0,225.0
670.0,0,0,256.0,225.0,666.0,100.0,256.0,100.0,225.0
670.0,0,0,256.0,225.0,666.0,100.0,256.0,100.0,225.0
669.0,0,0,256.0,225.0,666.0,100.0,256.0,100.0,225.0
669.0,0,0,256.0,225.0,666.0,100.0,256.0,100.0,225.0
669.0,0,0,256.0,225.0,666.0,100.0,256.0,100.0,225.0
668.0,0,0,256.0,225.0,665.0,100.0,256.0,100.0,225.0
668.0,0,0,256.0,225.0,665.0,100.0,256.0,100.0,225.0
668.0,0,0,256.0,225.0,665.0,100.0,256.0,100.0,225.0
668.0,0,0,256.0,225.0,665.0,100.0,256.0,100.0,225.0
668.0,0,0,256.0,225.0,665.0,100.0,256.0,100.0,225.0
668.0,0,0,256.0,225.0,665.0,100.0,256.0,100.0,225.0
668.0,0,0,256.0,225.0,665.0,100.0,256.0,100.0,225.0
668.0,0,0,256.0,225.0,665.0,100.0,256.0,100.0,225.0
668.0,0,0,256.0,225.0,665.0,100.0,256.0,100.0,225.0
668.0,0,0,256.0,225.0,665.0,100.0,256.0,100.0,225.0
668.0,0,0,256.0,225.0,664.0,100.0,256.0,100.0,225.0
667.0,0,0,256.0,225.0,664.0,100.0,256.0,100.0,225.0
667.0,0,0,256.0,225.0,663.0,100.0,256.0,100.0,225.0
667.0,0,0,256.0,225.0,663.0,100.0,256.0,100.0,225.0
667.0,0,0,256.0,225.0,663.0,100.0,256.0,100.0,225.0
667.0,0,0,256.0,225.0,663.0,100.0,256.0,100.0,225.0
667.0,0,0,256.0,225.0,663.0,100.0,256.0,100.0,225.0
666.0,0,0,256.0,225.0,662.0,100.0,256.0,100.0,225.0
666.0,0,0,256.0,225.0,662.0,100.0,256.0,100.0,225.0
666.0,0,0,256.0,225.0,662.0,100.0,256.0,100.0,225.0
666.0,0,0,256.0,225.0,662.0,100.0,256.0,100.0,225.0
666.0,0,0,256.0,225.0,662.0,100.0,256.0,100.0,225.0
666.0,0,0,256.0,225.0,662.0,100.0,256.0,100.0,225.0
666.0,0,0,256.0,225.0,662.0,100.0,256.0,100.0,225.0
665.0,0,0,256.0,225.0,662.0,100.0,256.0,100.0,225.0
665.0,0,0,256.0,225.0,662.0,100.0,256.0,100.0,225.0
665.0,0,0,256.0,225.0,662.0,100.0,256.0,100.0,225.0
665.0,0,0,256.0,225.0,661.0,100.0,256.0,100.0,225.0
665.0,0,0,255.0,225.0,661.0,100.0,256.0,100.0,225.0
665.0,0,0,255.0,225.0,661.0,100.0,255.0,100.0,225.0
665.0,0,0,255.0,225.0,661.0,100.0,255.0,100.0,225.0
664.0,0,0,255.0,225.0,661.0,100.0,255.0,100.0,225.0
664.0,0,0,255.0,225.0,661.0,100.0,254.0,100.0,225.0
664.0,0,0,255.0,225.0,660.0,100.0,253.0,100.0,225.0
663.0,0,0,255.0,225.0,660.0,100.0,253.0,100.0,225.0
663.0,0,0,255.0,225.0,660.0,100.0,253.0,100.0,225.0
663.0,0,0,255.0,225.0,660.0,100.0,253.0,100.0,225.0
663.0,0,0,254.0,225.0,660.0,100.0,253.0,100.0,225.0
663.0,0,0,254.0,225.0,660.0,100.0,252.0,100.0,225.0
663.0,0,0,254.0,225.0,660.0,100.0,252.0,100.0,225.0
663.0,0,0,254.0,225.0,660.0,100.0,252.0,100.0,225.0
663.0,0,0,253.0,225.0,659.0,100.0,252.0,100.0,225.0
663.0,0,0,253.0,225.0,659.0,100.0,252.0,100.0,225.0
663.0,0,0,253.0,225.0,659.0,100.0,252.0,100.0,225.0
663.0,0,0,253.0,225.0,659.0,100.0,252.0,100.0,225.0
663.0,0,0,253.0,225.0,658.0,100.0,252.0,100.0,225.0
662.0,0,0,253.0,225.0,658.0,100.0,252.0,100.0,225.0
661.0,0,0,253.0,225.0,657.0,100.0,251.0,100.0,225.0
659.0,0,0,253.0,225.0,656.0,100.0,251.0,100.0,225.0
658.0,0,0,253.0,225.0,656.0,100.0,250.0,100.0,225.0
658.0,0,0,253.0,225.0,656.0,100.0,250.0,100.0,225.0
658.0,0,0,252.0,225.0,655.0,100.0,250.0,100.0,225.0
657.0,0,0,252.0,225.0,655.0,100.0,250.0,100.0,225.0
656.0,0,0,251.0,225.0,654.0,100.0,250.0,100.0,225.0
656.0,0,0,249.0,225.0,653.0,100.0,250.0,100.0,225.0
655.0,0,0,248.0,225.0,653.0,100.0,250.0,100.0,225.0
655.0,0,0,248.0,225.0,652.0,100.0,250.0,100.0,225.0
654.0,0,0,248.0,225.0,652.0,100.0,250.0,100.0,225.0
654.0,0,0,248.0,225.0,652.0,100.0,250.0,100.0,225.0
653.0,0,0,248.0,225.0,651.0,100.0,250.0,100.0,225.0
653.0,0,0,248.0,225.0,651.0,100.0,250.0,100.0,225.0
653.0,0,0,248.0,225.0,650.0,100.0,250.0,100.0,225.0
653.0,0,0,248.0,225.0,650.0,100.0,249.0,100.0,225.0
653.0,0,0,248.0,225.0,649.0,100.0,249.0,100.0,225.0
653.0,0,0,247.0,225.0,648.0,100.0,249.0,100.0,225.0
653.0,0,0,246.0,225.0,648.0,100.0,249.0,100.0,225.0
653.0,0,0,246.0,225.0,648.0,100.0,249.0,100.0,225.0
653.0,0,0,246.0,225.0,648.0,100.0,249.0,100.0,225.0
653.0,0,0,246.0,225.0,647.0,100.0,248.0,100.0,225.0
653.0,0,0,245.0,225.0,647.0,100.0,248.0,100.0,225.0
652.0,0,0,245.0,225.0,646.0,100.0,248.0,100.0,225.0
651.0,0,0,245.0,225.0,646.0,100.0,248.0,100.0,225.0
651.0,0,0,244.0,225.0,646.0,100.0,247.0,100.0,225.0
649.0,0,0,244.0,225.0,645.0,100.0,247.0,100.0,225.0
649.0,0,0,244.0,225.0,645.0,100.0,247.0,100.0,225.0
647.0,0,0,244.0,225.0,645.0,100.0,247.0,100.0,225.0
647.0,0,0,244.0,225.0,645.0,100.0,247.0,100.0,225.0
646.0,0,0,244.0,225.0,645.0,100.0,247.0,100.0,225.0
645.0,0,0,243.0,225.0,643.0,100.0,246.0,100.0,225.0
645.0,0,0,243.0,225.0,642.0,100.0,246.0,100.0,225.0
644.0,0,0,243.0,225.0,642.0,100.0,246.0,100.0,225.0
644.0,0,0,243.0,225.0,642.0,100.0,246.0,100.0,225.0
644.0,0,0,243.0,225.0,642.0,100.0,246.0,100.0,225.0
644.0,0,0,243.0,225.0,641.0,100.0,246.0,100.0,225.0
643.0,0,0,243.0,225.0,640.0,100.0,245.0,100.0,225.0
643.0,0,0,242.0,225.0,640.0,100.0,244.0,100.0,225.0
643.0,0,0,241.0,225.0,639.0,100.0,244.0,100.0,225.0
643.0,0,0,240.0,225.0,638.0,100.0,243.0,100.0,225.0
643.0,0,0,240.0,225.0,638.0,100.0,242.0,100.0,225.0
643.0,0,0,240.0,225.0,638.0,100.0,240.0,100.0,225.0
643.0,0,0,240.0,225.0,637.0,100.0,240.0,100.0,225.0
643.0,0,0,240.0,225.0,637.0,100.0,240.0,100.0,225.0
641.0,0,0,240.0,225.0,637.0,100.0,240.0,100.0,225.0
640.0,0,0,239.0,225.0,637.0,100.0,240.0,100.0,225.0
640.0,0,0,239.0,225.0,635.0,100.0,240.0,100.0,225.0
640.0,0,0,239.0,225.0,635.0,100.0,240.0,100.0,225.0
640.0,0,0,239.0,225.0,634.0,100.0,240.0,100.0,225.0
638.0,0,0,239.0,225.0,634.0,100.0,240.0,100.0,225.0
637.0,0,0,239.0,225.0,634.0,100.0,239.0,100.0,225.0
637.0,0,0,239.0,225.0,634.0,100.0,239.0,100.0,225.0
637.0,0,0,238.0,225.0,634.0,100.0,239.0,100.0,225.0
636.0,0,0,237.0,225.0,633.0,100.0,239.0,100.0,225.0
636.0,0,0,237.0,225.0,633.0,100.0,239.0,100.0,225.0
635.0,0,0,236.0,225.0,632.0,100.0,239.0,100.0,225.0
634.0,0,0,236.0,225.0,631.0,100.0,239.0,100.0,225.0
633.0,0,0,236.0,225.0,630.0,100.0,239.0,100.0,225.0
631.0,0,0,236.0,225.0,629.0,100.0,238.0,100.0,225.0
630.0,0,0,236.0,225.0,628.0,100.0,238.0,100.0,225.0
629.0,0,0,235.0,225.0,626.0,100.0,238.0,100.0,225.0
628.0,0,0,234.0,225.0,624.0,100.0,238.0,100.0,225.0
627.0,0,0,234.0,225.0,622.0,100.0,237.0,100.0,225.0
625.0,0,0,234.0,225.0,622.0,100.0,236.0,100.0,225.0
625.0,0,0,234.0,225.0,621.0,100.0,236.0,100.0,225.0
624.0,0,0,234.0,225.0,620.0,100.0,236.0,100.0,225.0
623.0,0,0,234.0,225.0,619.0,100.0,235.0,100.0,225.0
621.0,0,0,233.0,225.0,618.0,100.0,235.0,100.0,225.0
620.0,0,0,232.0,225.0,618.0,100.0,235.0,100.0,225.0
620.0,0,0,231.0,225.0,618.0,100.0,233.0,100.0,225.0
618.0,0,0,231.0,225.0,617.0,100.0,233.0,100.0,225.0
0,0,0,229.0,454.0,1233.0,100.0,232.0,100.0,225.0
0,0,0,0,454.0,1227.0,100.0,231.0,100.0,225.0
0,0,0,0,454.0,1225.0,100.0,231.0,100.0,225.0
0,0,0,0,453.0,1222.0,100.0,230.0,100.0,455.0
0,0,0,0,452.0,1219.0,100.0,0,100.0,454.0
0,0,0,0,452.0,1218.0,100.0,0,100.0,454.0
0,0,0,0,452.0,1217.0,100.0,0,100.0,454.0
0,0,0,0,451.0,1216.0,100.0,0,100.0,453.0
0,0,0,0,451.0,1212.0,100.0,0,100.0,453.0
0,0,0,0,451.0,1209.0,100.0,0,100.0,452.0
0,0,0,0,451.0,1207.0,100.0,0,100.0,452.0
0,0,0,0,451.0,1206.0,100.0,0,100.0,452.0
0,0,0,0,451.0,1201.0,100.0,0,100.0,452.0
0,0,0,0,451.0,1201.0,100.0,0,100.0,452.0
0,0,0,0,450.0,1198.0,100.0,0,100.0,452.0
0,0,0,0,450.0,1194.0,100.0,0,100.0,452.0
0,0,0,0,450.0,1191.0,100.0,0,100.0,451.0
0,0,0,0,447.0,1190.0,100.0,0,100.0,451.0
0,0,0,0,447.0,1188.0,100.0,0,100.0,451.0
0,0,0,0,447.0,1186.0,100.0,0,100.0,451.0
0,0,0,0,447.0,1184.0,100.0,0,100.0,451.0
0,0,0,0,447.0,1184.0,100.0,0,100.0,451.0
0,0,0,0,446.0,1181.0,100.0,0,100.0,450.0
0,0,0,0,446.0,1181.0,100.0,0,100.0,449.0
0,0,0,0,446.0,1177.0,100.0,0,100.0,449.0
0,0,0,0,446.0,1175.0,100.0,0,100.0,448.0
0,0,0,0,446.0,1172.0,100.0,0,100.0,448.0
0,0,0,0,445.0,1169.0,100.0,0,100.0,448.0
0,0,0,0,444.0,1165.0,100.0,0,100.0,448.0
0,0,0,0,443.0,1164.0,100.0,0,100.0,448.0
0,0,0,0,443.0,1162.0,100.0,0,100.0,446.0
0,0,0,0,443.0,1160.0,100.0,0,100.0,446.0
0,0,0,0,441.0,1158.0,100.0,0,100.0,446.0
0,0,0,0,441.0,1155.0,100.0,0,100.0,445.0
0,0,0,0,441.0,1154.0,100.0,0,100.0,445.0
0,0,0,0,440.0,1151.0,100.0,0,100.0,443.0
0,0,0,0,440.0,1150.0,100.0,0,100.0,443.0
0,0,0,0,439.0,1147.0,100.0,0,100.0,443.0
0,0,0,0,438.0,1146.0,100.0,0,100.0,443.0
0,0,0,0,438.0,1143.0,100.0,0,100.0,442.0
0,0,0,0,438.0,1143.0,100.0,0,100.0,442.0
0,0,0,0,437.0,1141.0,100.0,0,100.0,442.0
0,0,0,0,437.0,1138.0,100.0,0,100.0,441.0
0,0,0,0,437.0,1137.0,100.0,0,100.0,441.0
0,0,0,0,436.0,1134.0,100.0,0,100.0,440.0
0,0,0,0,435.0,1132.0,100.0,0,100.0,440.0
0,0,0,0,434.0,1131.0,100.0,0,100.0,440.0
0,0,0,0,434.0,1131.0,100.0,0,100.0,440.0
0,0,0,0,434.0,1128.0,100.0,0,100.0,440.0
0,0,0,0,434.0,1124.0,100.0,0,100.0,440.0
0,0,0,0,434.0,1122.0,100.0,0,100.0,439.0
0,0,0,0,434.0,1121.0,100.0,0,100.0,439.0
0,0,0,0,433.0,1116.0,100.0,0,100.0,439.0
0,0,0,0,433.0,1114.0,100.0,0,100.0,438.0
0,0,0,0,433.0,1113.0,100.0,0,100.0,437.0
0,0,0,0,432.0,1110.0,100.0,0,100.0,437.0
0,0,0,0,431.0,1109.0,100.0,0,100.0,436.0
0,0,0,0,431.0,1107.0,100.0,0,100.0,436.0
0,0,0,0,431.0,1103.0,100.0,0,100.0,436.0
0,0,0,0,431.0,1100.0,100.0,0,100.0,434.0
0,0,0,0,430.0,1100.0,100.0,0,100.0,434.0
0,0,0,0,430.0,1096.0,100.0,0,100.0,433.0
0,0,0,0,429.0,1094.0,100.0,0,100.0,433.0
0,0,0,0,428.0,1092.0,100.0,0,100.0,432.0
0,0,0,0,427.0,1090.0,100.0,0,100.0,432.0
0,0,0,0,427.0,1088.0,100.0,0,100.0,432.0
0,0,0,0,427.0,1085.0,100.0,0,100.0,432.0
0,0,0,0,426.0,1082.0,100.0,0,100.0,432.0
0,0,0,0,426.0,1081.0,100.0,0,100.0,431.0
0,0,0,0,426.0,1079.0,100.0,0,100.0,429.0
0,0,0,0,425.0,1079.0,100.0,0,100.0,429.0
0,0,0,0,425.0,1078.0,100.0,0,100.0,428.0
0,0,0,0,424.0,1076.0,100.0,0,100.0,427.0
0,0,0,0,424.0,1075.0,100.0,0,100.0,427.0
0,0,0,0,424.0,1071.0,100.0,0,100.0,426.0
0,0,0,0,424.0,1069.0,100.0,0,100.0,426.0
0,0,0,0,424.0,1064.0,100.0,0,100.0,425.0
0,0,0,0,422.0,1064.0,100.0,0,100.0,425.0
0,0,0,0,421.0,1062.0,100.0,0,100.0,424.0
0,0,0,0,420.0,1060.0,100.0,0,100.0,423.0
0,0,0,0,419.0,1059.0,100.0,0,100.0,423.0
0,0,0,0,419.0,1058.0,100.0,0,100.0,422.0
0,0,0,0,419.0,1058.0,100.0,0,100.0,420.0
0,0,0,0,419.0,1057.0,100.0,0,100.0,420.0
0,0,0,0,418.0,1055.0,100.0,0,100.0,419.0
0,0,0,0,418.0,1050.0,100.0,0,100.0,419.0
0,0,0,0,417.0,1048.0,100.0,0,100.0,419.0
0,0,0,0,417.0,1046.0,100.0,0,100.0,418.0
0,0,0,0,417.0,1043.0,100.0,0,100.0,417.0
0,0,0,0,416.0,1043.0,100.0,0,100.0,417.0
0,0,0,0,415.0,1041.0,100.0,0,100.0,417.0
0,0,0,0,415.0,1040.0,100.0,0,100.0,416.0
0,0,0,0,414.0,1037.0,100.0,0,100.0,415.0
0,0,0,0,413.0,1035.0,100.0,0,100.0,415.0
0,0,0,0,412.0,1034.0,100.0,0,100.0,415.0
0,0,0,0,411.0,1031.0,100.0,0,100.0,415.0
0,0,0,0,411.0,1030.0,100.0,0,100.0,415.0
0,0,0,0,411.0,1028.0,100.0,0,100.0,415.0
0,0,0,0,409.0,1027.0,100.0,0,100.0,415.0
0,0,0,0,409.0,1026.0,100.0,0,100.0,415.0
0,0,0,0,409.0,1024.0,100.0,0,100.0,415.0
0,0,0,0,408.0,1022.0,100.0,0,100.0,415.0
0,0,0,0,0,1021.0,508.0,0,100.0,415.0
0,0,0,0,0,1017.0,508.0,0,100.0,415.0
0,0,0,0,0,1015.0,508.0,0,100.0,415.0
0,0,0,0,0,1013.0,508.0,0,100.0,414.0
0,0,0,0,0,1012.0,508.0,0,100.0,414.0
0,0,0,0,0,1010.0,508.0,0,100.0,414.0
0,0,0,0,0,1009.0,507.0,0,100.0,413.0
0,0,0,0,0,1008.0,506.0,0,100.0,413.0
0,0,0,0,0,1007.0,506.0,0,100.0,413.0
0,0,0,0,0,1004.0,506.0,0,100.0,412.0
0,0,0,0,0,1004.0,504.0,0,100.0,410.0
0,0,0,0,0,1002.0,501.0,0,100.0,409.0
0,0,0,0,0,1002.0,501.0,0,509.0,0
0,0,0,0,0,1000.0,501.0,0,509.0,0
0,0,0,0,0,998.0,500.0,0,509.0,0
0,0,0,0,0,998.0,500.0,0,508.0,0
0,0,0,0,0,995.0,500.0,0,508.0,0
0,0,0,0,0,991.0,500.0,0,508.0,0
0,0,0,0,0,991.0,500.0,0,507.0,0
0,0,0,0,0,987.0,500.0,0,507.0,0
0,0,0,0,0,987.0,500.0,0,504.0,0
0,0,0,0,0,986.0,500.0,0,504.0,0
0,0,0,0,0,984.0,500.0,0,503.0,0
0,0,0,0,0,983.0,500.0,0,503.0,0
0,0,0,0,0,982.0,498.0,0,503.0,0
0,0,0,0,0,981.0,497.0,0,503.0,0
0,0,0,0,0,981.0,497.0,0,501.0,0
0,0,0,0,0,980.0,497.0,0,501.0,0
0,0,0,0,0,979.0,496.0,0,501.0,0
0,0,0,0,0,977.0,496.0,0,501.0,0
0,0,0,0,0,977.0,496.0,0,501.0,0
0,0,0,0,0,977.0,496.0,0,501.0,0
0,0,0,0,0,976.0,496.0,0,501.0,0
0,0,0,0,0,974.0,496.0,0,501.0,0
0,0,0,0,0,974.0,496.0,0,499.0,0
0,0,0,0,0,973.0,496.0,0,497.0,0
0,0,0,0,0,972.0,496.0,0,496.0,0
0,0,0,0,0,970.0,496.0,0,495.0,0
0,0,0,0,0,970.0,496.0,0,495.0,0
0,0,0,0,0,969.0,496.0,0,495.0,0
0,0,0,0,0,967.0,496.0,0,495.0,0
0,0,0,0,0,964.0,495.0,0,495.0,0
0,0,0,0,0,963.0,495.0,0,495.0,0
0,0,0,0,0,963.0,495.0,0,495.0,0
0,0,0,0,0,963.0,495.0,0,495.0,0
0,0,0,0,0,961.0,495.0,0,493.0,0
0,0,0,0,0,961.0,495.0,0,493.0,0
0,0,0,0,0,959.0,495.0,0,492.0,0
0,0,0,0,0,959.0,494.0,0,492.0,0
0,0,0,0,0,956.0,494.0,0,492.0,0
0,0,0,0,0,954.0,494.0,0,491.0,0
0,0,0,0,0,953.0,494.0,0,491.0,0
0,0,0,0,0,953.0,494.0,0,490.0,0
0,0,0,0,0,952.0,494.0,0,489.0,0
0,0,0,0,0,952.0,494.0,0,488.0,0
0,0,0,0,0,952.0,493.0,0,488.0,0
0,0,0,0,0,951.0,493.0,0,487.0,0
0,0,0,0,0,950.0,493.0,0,486.0,0
0,0,0,0,0,948.0,493.0,0,486.0,0
0,0,0,0,0,948.0,493.0,0,485.0,0
0,0,0,0,0,947.0,493.0,0,483.0,0
0,0,0,0,0,944.0,492.0,0,483.0,0
0,0,0,0,0,942.0,492.0,0,483.0,0
0,0,0,0,0,941.0,492.0,0,483.0,0
0,0,0,0,0,941.0,492.0,0,482.0,0
0,0,0,0,0,940.0,491.0,0,482.0,0
0,0,0,0,0,937.0,491.0,0,481.0,0
0,0,0,0,0,937.0,491.0,0,480.0,0
0,0,0,0,0,937.0,491.0,0,480.0,0
0,0,0,0,0,934.0,491.0,0,480.0,0
0,0,0,0,0,931.0,491.0,0,479.0,0
0,0,0,0,0,930.0,491.0,0,479.0,0
0,0,0,0,0,929.0,491.0,0,479.0,0
0,0,0,0,0,929.0,491.0,0,479.0,0
0,0,0,0,0,929.0,491.0,0,479.0,0
0,0,0,0,0,929.0,491.0,0,478.0,0
0,0,0,0,0,928.0,491.0,0,478.0,0
0,0,0,0,0,927.0,491.0,0,478.0,0
0,0,0,0,0,924.0,491.0,0,478.0,0
0,0,0,0,0,920.0,491.0,0,477.0,0
0,0,0,0,0,919.0,491.0,0,476.0,0
0,0,0,0,0,918.0,491.0,0,475.0,0
0,0,0,0,0,916.0,491.0,0,474.0,0
0,0,0,0,0,915.0,491.0,0,474.0,0
0,0,0,0,0,914.0,491.0,0,473.0,0
0,0,0,0,0,913.0,491.0,0,473.0,0
0,0,0,0,0,912.0,491.0,0,471.0,0
0,0,0,0,0,911.0,491.0,0,471.0,0
0,0,0,0,0,911.0,491.0,0,470.0,0
0,0,0,0,0,911.0,491.0,0,470.0,0
0,0,0,0,0,911.0,491.0,0,469.0,0
0,0,0,0,0,911.0,490.0,0,468.0,0
0,0,0,0,0,909.0,489.0,0,468.0,0
0,0,0,0,0,908.0,489.0,0,466.0,0
0,0,0,0,0,907.0,488.0,0,466.0,0
0,0,0,0,0,907.0,487.0,0,466.0,0
0,0,0,0,0,905.0,486.0,0,465.0,0
0,0,0,0,0,904.0,486.0,0,464.0,0
0,0,0,0,0,904.0,486.0,0,464.0,0
0,0,0,0,0,898.0,486.0,0,463.0,0
0,0,0,0,0,898.0,486.0,0,463.0,0
0,0,0,0,0,896.0,486.0,0,462.0,0
0,0,0,0,0,896.0,486.0,0,462.0,0
0,0,0,0,0,894.0,486.0,0,462.0,0
0,0,0,0,0,894.0,486.0,0,462.0,0
0,0,0,0,0,893.0,486.0,0,462.0,0
0,0,0,0,0,893.0,486.0,0,462.0,0
0,0,0,0,0,892.0,486.0,0,462.0,0
0,0,0,0,0,892.0,486.0,0,462.0,0
0,0,0,0,0,892.0,486.0,0,461.0,0
0,0,0,0,0,891.0,486.0,0,461.0,0
0,0,0,0,0,891.0,486.0,0,461.0,0
0,0,0,0,0,891.0,486.0,0,461.0,0
0,0,0,0,0,888.0,486.0,0,460.0,0
0,0,0,0,0,886.0,486.0,0,460.0,0
0,0,0,0,0,885.0,486.0,0,460.0,0
0,0,0,0,0,885.0,486.0,0,459.0,0
0,0,0,0,0,883.0,486.0,0,459.0,0
0,0,0,0,0,883.0,944.0,0,458.0,0
0,0,0,0,0,882.0,944.0,0,0,0
0,0,0,0,0,882.0,943.0,0,0,0
0,0,0,0,0,881.0,943.0,0,0,0
0,0,0,0,0,881.0,942.0,0,0,0
0,0,0,0,0,880.0,941.0,0,0,0
0,0,0,0,0,879.0,941.0,0,0,0
0,0,0,0,0,878.0,940.0,0,0,0
0,0,0,0,0,878.0,940.0,0,0,0
0,0,0,0,0,876.0,940.0,0,0,0
0,0,0,0,0,875.0,939.0,0,0,0
0,0,0,0,0,874.0,939.0,0,0,0
0,0,0,0,0,872.0,939.0,0,0,0
0,0,0,0,0,871.0,939.0,0,0,0
0,0,0,0,0,871.0,939.0,0,0,0
0,0,0,0,0,871.0,939.0,0,0,0
0,0,0,0,0,871.0,939.0,0,0,0
0,0,0,0,0,870.0,939.0,0,0,0
0,0,0,0,0,869.0,939.0,0,0,0
0,0,0,0,0,869.0,939.0,0,0,0
0,0,0,0,0,868.0,939.0,0,0,0
0,0,0,0,0,867.0,939.0,0,0,0
0,0,0,0,0,867.0,938.0,0,0,0
0,0,0,0,0,866.0,938.0,0,0,0
0,0,0,0,0,865.0,938.0,0,0,0
0,0,0,0,0,865.0,938.0,0,0,0
0,0,0,0,0,865.0,938.0,0,0,0
0,0,0,0,0,864.0,938.0,0,0,0
0,0,0,0,0,863.0,938.0,0,0,0
0,0,0,0,0,863.0,937.0,0,0,0
0,0,0,0,0,863.0,937.0,0,0,0
0,0,0,0,0,863.0,937.0,0,0,0
0,0,0,0,0,863.0,936.0,0,0,0
0,0,0,0,0,863.0,936.0,0,0,0
0,0,0,0,0,863.0,936.0,0,0,0
0,0,0,0,0,862.0,935.0,0,0,0
0,0,0,0,0,862.0,935.0,0,0,0
0,0,0,0,0,862.0,935.0,0,0,0
0,0,0,0,0,862.0,935.0,0,0,0
0,0,0,0,0,861.0,935.0,0,0,0
0,0,0,0,0,860.0,935.0,0,0,0
0,0,0,0,0,860.0,935.0,0,0,0
0,0,0,0,0,860.0,935.0,0,0,0
0,0,0,0,0,859.0,935.0,0,0,0
0,0,0,0,0,858.0,935.0,0,0,0
0,0,0,0,0,858.0,935.0,0,0,0
0,0,0,0,0,858.0,935.0,0,0,0
0,0,0,0,0,858.0,934.0,0,0,0
0,0,0,0,0,857.0,934.0,0,0,0
0,0,0,0,0,857.0,934.0,0,0,0
0,0,0,0,0,857.0,934.0,0,0,0
0,0,0,0,0,857.0,934.0,0,0,0
0,0,0,0,0,856.0,934.0,0,0,0
0,0,0,0,0,856.0,934.0,0,0,0
0,0,0,0,0,856.0,934.0,0,0,0
0,0,0,0,0,856.0,934.0,0,0,0
0,0,0,0,0,855.0,934.0,0,0,0
0,0,0,0,0,855.0,934.0,0,0,0
0,0,0,0,0,855.0,934.0,0,0,0
0,0,0,0,0,855.0,934.0,0,0,0
0,0,0,0,0,855.0,933.0,0,0,0
0,0,0,0,0,855.0,933.0,0,0,0
0,0,0,0,0,855.0,932.0,0,0,0
0,0,0,0,0,855.0,930.0,0,0,0
0,0,0,0,0,855.0,930.0,0,0,0
0,0,0,0,0,854.0,930.0,0,0,0
0,0,0,0,0,853.0,929.0,0,0,0
0,0,0,0,0,853.0,928.0,0,0,0
0,0,0,0,0,853.0,928.0,0,0,0
0,0,0,0,0,853.0,928.0,0,0,0
0,0,0,0,0,852.0,927.0,0,0,0
0,0,0,0,0,852.0,927.0,0,0,0
0,0,0,0,0,852.0,927.0,0,0,0
0,0,0,0,0,851.0,927.0,0,0,0
0,0,0,0,0,851.0,927.0,0,0,0
0,0,0,0,0,850.0,927.0,0,0,0
0,0,0,0,0,849.0,926.0,0,0,0
0,0,0,0,0,849.0,926.0,0,0,0
0,0,0,0,0,844.0,926.0,0,0,0
0,0,0,0,0,842.0,926.0,0,0,0
0,0,0,0,0,838.0,926.0,0,0,0
0,0,0,0,0,836.0,926.0,0,0,0
0,0,0,0,0,834.0,926.0,0,0,0
0,0,0,0,0,831.0,926.0,0,0,0
0,0,0,0,0,828.0,926.0,0,0,0
0,0,0,0,0,824.0,925.0,0,0,0
0,0,0,0,0,824.0,925.0,0,0,0
0,0,0,0,0,819.0,924.0,0,0,0
0,0,0,0,0,818.0,924.0,0,0,0
0,0,0,0,0,815.0,924.0,0,0,0
0,0,0,0,0,814.0,924.0,0,0,0
0,0,0,0,0,811.0,924.0,0,0,0
0,0,0,0,0,809.0,924.0,0,0,0
0,0,0,0,0,804.0,924.0,0,0,0
0,0,0,0,0,802.0,923.0,0,0,0
0,0,0,0,0,800.0,923.0,0,0,0
0,0,0,0,0,798.0,923.0,0,0,0
0,0,0,0,0,796.0,923.0,0,0,0
0,0,0,0,0,793.0,923.0,0,0,0
0,0,0,0,0,790.0,923.0,0,0,0
0,0,0,0,0,789.0,923.0,0,0,0
0,0,0,0,0,787.0,923.0,0,0,0
0,0,0,0,0,784.0,923.0,0,0,0
0,0,0,0,0,781.0,923.0,0,0,0
0,0,0,0,0,780.0,923.0,0,0,0
0,0,0,0,0,777.0,923.0,0,0,0
0,0,0,0,0,777.0,923.0,0,0,0
0,0,0,0,0,775.0,923.0,0,0,0
0,0,0,0,0,773.0,923.0,0,0,0
0,0,0,0,0,770.0,922.0,0,0,0
0,0,0,0,0,769.0,922.0,0,0,0
0,0,0,0,0,766.0,922.0,0,0,0
0,0,0,0,0,765.0,922.0,0,0,0
0,0,0,0,0,762.0,922.0,0,0,0
0,0,0,0,0,760.0,922.0,0,0,0
0,0,0,0,0,759.0,922.0,0,0,0
0,0,0,0,0,754.0,922.0,0,0,0
0,0,0,0,0,751.0,922.0,0,0,0
0,0,0,0,0,748.0,922.0,0,0,0
0,0,0,0,0,744.0,922.0,0,0,0
0,0,0,0,0,739.0,922.0,0,0,0
0,0,0,0,0,736.0,922.0,0,0,0
0,0,0,0,0,731.0,922.0,0,0,0
0,0,0,0,0,723.0,922.0,0,0,0
0,0,0,0,0,721.0,922.0,0,0,0
0,0,0,0,0,716.0,922.0,0,0,0
0,0,0,0,0,707.0,921.0,0,0,0
0,0,0,0,0,704.0,920.0,0,0,0
0,0,0,0,0,701.0,919.0,0,0,0
0,0,0,0,0,697.0,919.0,0,0,0
0,0,0,0,0,690.0,917.0,0,0,0
0,0,0,0,0,687.0,917.0,0,0,0
0,0,0,0,0,684.0,917.0,0,0,0
0,0,0,0,0,677.0,917.0,0,0,0
0,0,0,0,0,672.0,916.0,0,0,0
0,0,0,0,0,671.0,915.0,0,0,0
0,0,0,0,0,661.0,915.0,0,0,0
0,0,0,0,0,659.0,915.0,0,0,0
0,0,0,0,0,656.0,915.0,0,0,0
0,0,0,0,0,649.0,915.0,0,0,0
0,0,0,0,0,646.0,915.0,0,0,0
0,0,0,0,0,642.0,915.0,0,0,0
0,0,0,0,0,639.0,915.0,0,0,0
0,0,0,0,0,633.0,915.0,0,0,0
0,0,0,0,0,630.0,915.0,0,0,0
0,0,0,0,0,627.0,914.0,0,0,0
0,0,0,0,0,621.0,914.0,0,0,0
0,0,0,0,0,617.0,914.0,0,0,0
0,0,0,0,0,614.0,914.0,0,0,0
0,0,0,0,0,609.0,913.0,0,0,0
0,0,0,0,0,609.0,913.0,0,0,0
0,0,0,0,0,605.0,913.0,0,0,0
0,0,0,0,0,602.0,912.0,0,0,0
0,0,0,0,0,599.0,912.0,0,0,0
0,0,0,0,0,597.0,912.0,0,0,0
0,0,0,0,0,596.0,910.0,0,0,0
0,0,0,0,0,594.0,910.0,0,0,0
0,0,0,0,0,593.0,910.0,0,0,0
0,0,0,0,0,592.0,910.0,0,0,0
0,0,0,0,0,592.0,910.0,0,0,0
0,0,0,0,0,590.0,909.0,0,0,0
0,0,0,0,0,587.0,909.0,0,0,0
0,0,0,0,0,584.0,908.0,0,0,0
0,0,0,0,0,582.0,908.0,0,0,0
0,0,0,0,0,580.0,908.0,0,0,0
0,0,0,0,0,577.0,906.0,0,0,0
0,0,0,0,0,574.0,906.0,0,0,0
0,0,0,0,0,574.0,905.0,0,0,0
0,0,0,0,0,571.0,904.0,0,0,0
0,0,0,0,0,571.0,904.0,0,0,0
0,0,0,0,0,569.0,904.0,0,0,0
0,0,0,0,0,567.0,903.0,0,0,0
0,0,0,0,0,566.0,903.0,0,0,0
0,0,0,0,0,566.0,903.0,0,0,0
0,0,0,0,0,566.0,903.0,0,0,0
0,0,0,0,0,562.0,903.0,0,0,0
0,0,0,0,0,561.0,903.0,0,0,0
0,0,0,0,0,561.0,903.0,0,0,0
0,0,0,0,0,559.0,903.0,0,0,0
0,0,0,0,0,558.0,903.0,0,0,0
0,0,0,0,0,557.0,901.0,0,0,0
0,0,0,0,0,551.0,901.0,0,0,0
0,0,0,0,0,551.0,900.0,0,0,0
0,0,0,0,0,550.0,900.0,0,0,0
0,0,0,0,0,547.0,899.0,0,0,0
0,0,0,0,0,547.0,899.0,0,0,0
0,0,0,0,0,546.0,897.0,0,0,0
0,0,0,0,0,543.0,896.0,0,0,0
0,0,0,0,0,542.0,896.0,0,0,0
0,0,0,0,0,540.0,896.0,0,0,0
0,0,0,0,0,539.0,896.0,0,0,0
0,0,0,0,0,536.0,896.0,0,0,0
0,0,0,0,0,535.0,896.0,0,0,0
0,0,0,0,0,533.0,896.0,0,0,0
0,0,0,0,0,530.0,896.0,0,0,0
0,0,0,0,0,528.0,895.0,0,0,0
0,0,0,0,0,527.0,895.0,0,0,0
0,0,0,0,0,524.0,894.0,0,0,0
0,0,0,0,0,523.0,894.0,0,0,0
0,0,0,0,0,520.0,893.0,0,0,0
0,0,0,0,0,519.0,892.0,0,0,0
0,0,0,0,0,518.0,892.0,0,0,0
0,0,0,0,0,518.0,891.0,0,0,0
0,0,0,0,0,514.0,891.0,0,0,0
0,0,0,0,0,513.0,891.0,0,0,0
0,0,0,0,0,510.0,890.0,0,0,0
0,0,0,0,0,508.0,889.0,0,0,0
0,0,0,0,0,505.0,889.0,0,0,0
0,0,0,0,0,504.0,889.0,0,0,0
0,0,0,0,0,501.0,889.0,0,0,0
0,0,0,0,0,497.0,888.0,0,0,0
0,0,0,0,0,493.0,888.0,0,0,0
0,0,0,0,0,493.0,887.0,0,0,0
0,0,0,0,0,492.0,887.0,0,0,0
0,0,0,0,0,491.0,885.0,0,0,0
0,0,0,0,0,484.0,885.0,0,0,0
0,0,0,0,0,483.0,885.0,0,0,0
0,0,0,0,0,475.0,883.0,0,0,0
0,0,0,0,0,475.0,883.0,0,0,0
0,0,0,0,0,472.0,883.0,0,0,0
0,0,0,0,0,470.0,883.0,0,0,0
0,0,0,0,0,468.0,883.0,0,0,0
0,0,0,0,0,465.0,883.0,0,0,0
0,0,0,0,0,464.0,883.0,0,0,0
0,0,0,0,0,461.0,883.0,0,0,0
0,0,0,0,0,458.0,881.0,0,0,0
0,0,0,0,0,457.0,880.0,0,0,0
0,0,0,0,0,453.0,880.0,0,0,0
0,0,0,0,0,452.0,880.0,0,0,0
0,0,0,0,0,447.0,880.0,0,0,0
0,0,0,0,0,446.0,880.0,0,0,0
0,0,0,0,0,443.0,880.0,0,0,0
0,0,0,0,0,439.0,879.0,0,0,0
0,0,0,0,0,437.0,879.0,0,0,0
0,0,0,0,0,434.0,879.0,0,0,0
0,0,0,0,0,430.0,879.0,0,0,0
0,0,0,0,0,429.0,877.0,0,0,0
0,0,0,0,0,423.0,877.0,0,0,0
0,0,0,0,0,417.0,877.0,0,0,0
0,0,0,0,0,411.0,877.0,0,0,0
0,0,0,0,0,409.0,877.0,0,0,0
0,0,0,0,0,404.0,875.0,0,0,0
0,0,0,0,0,400.0,875.0,0,0,0
0,0,0,0,0,396.0,875.0,0,0,0
0,0,0,0,0,391.0,875.0,0,0,0
0,0,0,0,0,388.0,874.0,0,0,0
0,0,0,0,0,386.0,874.0,0,0,0
0,0,0,0,0,381.0,873.0,0,0,0
0,0,0,0,0,378.0,871.0,0,0,0
0,0,0,0,0,374.0,871.0,0,0,0
0,0,0,0,0,370.0,871.0,0,0,0
0,0,0,0,0,370.0,871.0,0,0,0
0,0,0,0,0,367.0,871.0,0,0,0
0,0,0,0,0,361.0,870.0,0,0,0
0,0,0,0,0,359.0,870.0,0,0,0
0,0,0,0,0,357.0,870.0,0,0,0
0,0,0,0,0,348.0,870.0,0,0,0
0,0,0,0,0,345.0,870.0,0,0,0
0,0,0,0,0,342.0,870.0,0,0,0
0,0,0,0,0,338.0,869.0,0,0,0
0,0,0,0,0,335.0,869.0,0,0,0
0,0,0,0,0,334.0,868.0,0,0,0
0,0,0,0,0,331.0,868.0,0,0,0
0,0,0,0,0,326.0,868.0,0,0,0
0,0,0,0,0,325.0,867.0,0,0,0
0,0,0,0,0,320.0,867.0,0,0,0
0,0,0,0,0,317.0,867.0,0,0,0
0,0,0,0,0,316.0,866.0,0,0,0
0,0,0,0,0,313.0,866.0,0,0,0
0,0,0,0,0,311.0,866.0,0,0,0
0,0,0,0,0,305.0,866.0,0,0,0
0,0,0,0,0,301.0,866.0,0,0,0
0,0,0,0,0,301.0,866.0,0,0,0
0,0,0,0,0,298.0,865.0,0,0,0
0,0,0,0,0,290.0,865.0,0,0,0
0,0,0,0,0,287.0,865.0,0,0,0
0,0,0,0,0,283.0,865.0,0,0,0
0,0,0,0,0,278.0,865.0,0,0,0
0,0,0,0,0,277.0,864.0,0,0,0
0,0,0,0,0,274.0,863.0,0,0,0
0,0,0,0,0,270.0,862.0,0,0,0
0,0,0,0,0,265.0,862.0,0,0,0
0,0,0,0,0,259.0,862.0,0,0,0
0,0,0,0,0,256.0,862.0,0,0,0
0,0,0,0,0,255.0,862.0,0,0,0
0,0,0,0,0,252.0,862.0,0,0,0
0,0,0,0,0,249.0,862.0,0,0,0
0,0,0,0,0,247.0,862.0,0,0,0
0,0,0,0,0,246.0,862.0,0,0,0
0,0,0,0,0,244.0,862.0,0,0,0
0,0,0,0,0,239.0,862.0,0,0,0
0,0,0,0,0,237.0,862.0,0,0,0
0,0,0,0,0,233.0,862.0,0,0,0
0,0,0,0,0,232.0,862.0,0,0,0
0,0,0,0,0,230.0,860.0,0,0,0
0,0,0,0,0,225.0,860.0,0,0,0
0,0,0,0,0,223.0,860.0,0,0,0
0,0,0,0,0,220.0,860.0,0,0,0
0,0,0,0,0,218.0,860.0,0,0,0
0,0,0,0,0,214.0,860.0,0,0,0
0,0,0,0,0,212.0,860.0,0,0,0
0,0,0,0,0,210.0,860.0,0,0,0
0,0,0,0,0,206.0,860.0,0,0,0
0,0,0,0,0,205.0,859.0,0,0,0
0,0,0,0,0,205.0,858.0,0,0,0
0,0,0,0,0,205.0,857.0,0,0,0
0,0,0,0,0,202.0,857.0,0,0,0
0,0,0,0,0,199.0,857.0,0,0,0
0,0,0,0,0,198.0,857.0,0,0,0
0,0,0,0,0,195.0,857.0,0,0,0
0,0,0,0,0,192.0,857.0,0,0,0
0,0,0,0,0,191.0,856.0,0,0,0
0,0,0,0,0,190.0,855.0,0,0,0
0,0,0,0,0,189.0,855.0,0,0,0
0,0,0,0,0,187.0,855.0,0,0,0
0,0,0,0,0,185.0,855.0,0,0,0
0,0,0,0,0,183.0,855.0,0,0,0
0,0,0,0,0,182.0,855.0,0,0,0
0,0,0,0,0,182.0,854.0,0,0,0
0,0,0,0,0,181.0,854.0,0,0,0
0,0,0,0,0,179.0,854.0,0,0,0
0,0,0,0,0,179.0,854.0,0,0,0
0,0,0,0,0,179.0,854.0,0,0,0
0,0,0,0,0,178.0,854.0,0,0,0
0,0,0,0,0,177.0,854.0,0,0,0
0,0,0,0,0,176.0,854.0,0,0,0
0,0,0,0,0,176.0,853.0,0,0,0
0,0,0,0,0,173.0,852.0,0,0,0
0,0,0,0,0,172.0,852.0,0,0,0
0,0,0,0,0,170.0,851.0,0,0,0
0,0,0,0,0,169.0,851.0,0,0,0
0,0,0,0,0,168.0,851.0,0,0,0
0,0,0,0,0,166.0,851.0,0,0,0
0,0,0,0,0,166.0,851.0,0,0,0
0,0,0,0,0,164.0,851.0,0,0,0
0,0,0,0,0,163.0,850.0,0,0,0
0,0,0,0,0,163.0,849.0,0,0,0
0,0,0,0,0,162.0,849.0,0,0,0
0,0,0,0,0,161.0,849.0,0,0,0
0,0,0,0,0,161.0,849.0,0,0,0
0,0,0,0,0,160.0,849.0,0,0,0
0,0,0,0,0,158.0,848.0,0,0,0
0,0,0,0,0,158.0,848.0,0,0,0
0,0,0,0,0,158.0,848.0,0,0,0
0,0,0,0,0,157.0,848.0,0,0,0
0,0,0,0,0,156.0,848.0,0,0,0
0,0,0,0,0,155.0,848.0,0,0,0
0,0,0,0,0,152.0,847.0,0,0,0
0,0,0,0,0,151.0,846.0,0,0,0
0,0,0,0,0,151.0,846.0,0,0,0
0,0,0,0,0,150.0,846.0,0,0,0
0,0,0,0,0,150.0,846.0,0,0,0
0,0,0,0,0,149.0,846.0,0,0,0
0,0,0,0,0,147.0,846.0,0,0,0
0,0,0,0,0,147.0,846.0,0,0,0
0,0,0,0,0,144.0,844.0,0,0,0
0,0,0,0,0,144.0,844.0,0,0,0
0,0,0,0,0,142.0,844.0,0,0,0
0,0,0,0,0,142.0,844.0,0,0,0
0,0,0,0,0,140.0,844.0,0,0,0
0,0,0,0,0,140.0,844.0,0,0,0
0,0,0,0,0,139.0,844.0,0,0,0
0,0,0,0,0,138.0,844.0,0,0,0
0,0,0,0,0,136.0,843.0,0,0,0
0,0,0,0,0,135.0,843.0,0,0,0
0,0,0,0,0,135.0,841.0,0,0,0
0,0,0,0,0,131.0,841.0,0,0,0
0,0,0,0,0,131.0,841.0,0,0,0
0,0,0,0,0,129.0,841.0,0,0,0
0,0,0,0,0,129.0,841.0,0,0,0
0,0,0,0,0,129.0,841.0,0,0,0
0,0,0,0,0,127.0,841.0,0,0,0
0,0,0,0,0,126.0,841.0,0,0,0
0,0,0,0,0,124.0,841.0,0,0,0
0,0,0,0,0,123.0,841.0,0,0,0
0,0,0,0,0,123.0,841.0,0,0,0
0,0,0,0,0,122.0,841.0,0,0,0
0,0,0,0,0,121.0,841.0,0,0,0
0,0,0,0,0,120.0,840.0,0,0,0
0,0,0,0,0,120.0,840.0,0,0,0
0,0,0,0,0,119.0,840.0,0,0,0
0,0,0,0,0,117.0,839.0,0,0,0
0,0,0,0,0,117.0,839.0,0,0,0
0,0,0,0,0,116.0,839.0,0,0,0
0,0,0,0,0,115.0,839.0,0,0,0
0,0,0,0,0,115.0,839.0,0,0,0
0,0,0,0,0,114.0,839.0,0,0,0
0,0,0,0,0,110.0,839.0,0,0,0
0,0,0,0,0,109.0,838.0,0,0,0
0,0,0,0,0,109.0,838.0,0,0,0
0,0,0,0,0,108.0,838.0,0,0,0
0,0,0,0,0,108.0,837.0,0,0,0
0,0,0,0,0,108.0,837.0,0,0,0
0,0,0,0,0,106.0,836.0,0,0,0
0,0,0,0,0,106.0,836.0,0,0,0
0,0,0,0,0,104.0,836.0,0,0,0
0,0,0,0,0,104.0,836.0,0,0,0
0,0,0,0,0,104.0,836.0,0,0,0
0,0,0,0,0,102.0,836.0,0,0,0
0,0,0,0,0,100.0,836.0,0,0,0
0,0,0,0,0,98.0,836.0,0,0,0
0,0,0,0,0,98.0,835.0,0,0,0
0,0,0,0,0,97.0,834.0,0,0,0
0,0,0,0,0,97.0,834.0,0,0,0
0,0,0,0,0,96.0,834.0,0,0,0
0,0,0,0,0,96.0,834.0,0,0,0
0,0,0,0,0,95.0,834.0,0,0,0
0,0,0,0,0,95.0,834.0,0,0,0
0,0,0,0,0,94.0,834.0,0,0,0
0,0,0,0,0,93.0,834.0,0,0,0
0,0,0,0,0,93.0,834.0,0,0,0
0,0,0,0,0,93.0,834.0,0,0,0
0,0,0,0,0,92.0,834.0,0,0,0
0,0,0,0,0,92.0,833.0,0,0,0
0,0,0,0,0,91.0,832.0,0,0,0
0,0,0,0,0,90.0,831.0,0,0,0
0,0,0,0,0,89.0,831.0,0,0,0
0,0,0,0,0,89.0,830.0,0,0,0
0,0,0,0,0,89.0,830.0,0,0,0
0,0,0,0,0,88.0,830.0,0,0,0
0,0,0,0,0,88.0,830.0,0,0,0
0,0,0,0,0,87.0,830.0,0,0,0
0,0,0,0,0,87.0,830.0,0,0,0
0,0,0,0,0,87.0,830.0,0,0,0
0,0,0,0,0,87.0,830.0,0,0,0
0,0,0,0,0,86.0,828.0,0,0,0
0,0,0,0,0,86.0,826.0,0,0,0
0,0,0,0,0,86.0,825.0,0,0,0
0,0,0,0,0,86.0,825.0,0,0,0
0,0,0,0,0,84.0,824.0,0,0,0
0,0,0,0,0,83.0,824.0,0,0,0
0,0,0,0,0,83.0,824.0,0,0,0
0,0,0,0,0,82.0,823.0,0,0,0
0,0,0,0,0,81.0,823.0,0,0,0
0,0,0,0,0,81.0,823.0,0,0,0
0,0,0,0,0,78.0,822.0,0,0,0
0,0,0,0,0,78.0,822.0,0,0,0
0,0,0,0,0,78.0,822.0,0,0,0
0,0,0,0,0,78.0,821.0,0,0,0
0,0,0,0,0,78.0,821.0,0,0,0
0,0,0,0,0,77.0,820.0,0,0,0
0,0,0,0,0,77.0,819.0,0,0,0
0,0,0,0,0,77.0,819.0,0,0,0
0,0,0,0,0,77.0,819.0,0,0,0
0,0,0,0,0,76.0,819.0,0,0,0
0,0,0,0,0,76.0,818.0,0,0,0
0,0,0,0,0,76.0,818.0,0,0,0
0,0,0,0,0,72.0,818.0,0,0,0
0,0,0,0,0,70.0,817.0,0,0,0
0,0,0,0,0,70.0,816.0,0,0,0
0,0,0,0,0,70.0,815.0,0,0,0
0,0,0,0,0,70.0,815.0,0,0,0
0,0,0,0,0,70.0,815.0,0,0,0
0,0,0,0,0,70.0,814.0,0,0,0
0,0,0,0,0,70.0,814.0,0,0,0
0,0,0,0,0,70.0,814.0,0,0,0
0,0,0,0,0,70.0,813.0,0,0,0
0,0,0,0,0,69.0,813.0,0,0,0
0,0,0,0,0,69.0,812.0,0,0,0
0,0,0,0,0,69.0,811.0,0,0,0
0,0,0,0,0,69.0,810.0,0,0,0
0,0,0,0,0,69.0,810.0,0,0,0
0,0,0,0,0,68.0,810.0,0,0,0
0,0,0,0,0,67.0,810.0,0,0,0
0,0,0,0,0,66.0,810.0,0,0,0
0,0,0,0,0,66.0,809.0,0,0,0
0,0,0,0,0,66.0,809.0,0,0,0
0,0,0,0,0,65.0,809.0,0,0,0
0,0,0,0,0,65.0,808.0,0,0,0
0,0,0,0,0,65.0,808.0,0,0,0
0,0,0,0,0,65.0,808.0,0,0,0
0,0,0,0,0,65.0,807.0,0,0,0
0,0,0,0,0,65.0,807.0,0,0,0
0,0,0,0,0,65.0,807.0,0,0,0
0,0,0,0,0,65.0,807.0,0,0,0
0,0,0,0,0,65.0,806.0,0,0,0
0,0,0,0,0,65.0,806.0,0,0,0
0,0,0,0,0,64.0,806.0,0,0,0
0,0,0,0,0,64.0,805.0,0,0,0
0,0,0,0,0,64.0,805.0,0,0,0
0,0,0,0,0,64.0,804.0,0,0,0
0,0,0,0,0,63.0,804.0,0,0,0
0,0,0,0,0,63.0,804.0,0,0,0
0,0,0,0,0,61.0,803.0,0,0,0
0,0,0,0,0,61.0,803.0,0,0,0
0,0,0,0,0,61.0,802.0,0,0,0
0,0,0,0,0,60.0,802.0,0,0,0
0,0,0,0,0,60.0,801.0,0,0,0
0,0,0,0,0,60.0,800.0,0,0,0
0,0,0,0,0,59.0,800.0,0,0,0
0,0,0,0,0,59.0,798.0,0,0,0
0,0,0,0,0,59.0,798.0,0,0,0
0,0,0,0,0,59.0,798.0,0,0,0
0,0,0,0,0,59.0,798.0,0,0,0
0,0,0,0,0,59.0,798.0,0,0,0
0,0,0,0,0,59.0,798.0,0,0,0
0,0,0,0,0,59.0,798.0,0,0,0
0,0,0,0,0,57.0,798.0,0,0,0
0,0,0,0,0,56.0,796.0,0,0,0
0,0,0,0,0,56.0,795.0,0,0,0
0,0,0,0,0,56.0,795.0,0,0,0
0,0,0,0,0,56.0,794.0,0,0,0
0,0,0,0,0,56.0,793.0,0,0,0
0,0,0,0,0,56.0,793.0,0,0,0
0,0,0,0,0,56.0,793.0,0,0,0
0,0,0,0,0,55.0,793.0,0,0,0
0,0,0,0,0,55.0,792.0,0,0,0
0,0,0,0,0,55.0,792.0,0,0,0
0,0,0,0,0,55.0,792.0,0,0,0
0,0,0,0,0,55.0,790.0,0,0,0
0,0,0,0,0,55.0,790.0,0,0,0
0,0,0,0,0,54.0,790.0,0,0,0
0,0,0,0,0,54.0,789.0,0,0,0
0,0,0,0,0,51.0,789.0,0,0,0
0,0,0,0,0,51.0,788.0,0,0,0
0,0,0,0,0,50.0,788.0,0,0,0
0,0,0,0,0,49.0,788.0,0,0,0
0,0,0,0,0,48.0,788.0,0,0,0
0,0,0,0,0,48.0,787.0,0,0,0
0,0,0,0,0,48.0,786.0,0,0,0
0,0,0,0,0,48.0,785.0,0,0,0
0,0,0,0,0,48.0,785.0,0,0,0
0,0,0,0,0,48.0,785.0,0,0,0
0,0,0,0,0,48.0,784.0,0,0,0
0,0,0,0,0,47.0,783.0,0,0,0
0,0,0,0,0,46.0,782.0,0,0,0
0,0,0,0,0,46.0,781.0,0,0,0
0,0,0,0,0,46.0,781.0,0,0,0
0,0,0,0,0,45.0,781.0,0,0,0
0,0,0,0,0,45.0,780.0,0,0,0
0,0,0,0,0,45.0,779.0,0,0,0
0,0,0,0,0,45.0,779.0,0,0,0
0,0,0,0,0,44.0,779.0,0,0,0
0,0,0,0,0,43.0,779.0,0,0,0
0,0,0,0,0,42.0,779.0,0,0,0
0,0,0,0,0,42.0,779.0,0,0,0
0,0,0,0,0,42.0,778.0,0,0,0
0,0,0,0,0,42.0,777.0,0,0,0
0,0,0,0,0,41.0,777.0,0,0,0
0,0,0,0,0,41.0,777.0,0,0,0
0,0,0,0,0,40.0,776.0,0,0,0
0,0,0,0,0,40.0,776.0,0,0,0
0,0,0,0,0,39.0,776.0,0,0,0
0,0,0,0,0,39.0,776.0,0,0,0
0,0,0,0,0,38.0,776.0,0,0,0
0,0,0,0,0,38.0,775.0,0,0,0
0,0,0,0,0,37.0,775.0,0,0,0
0,0,0,0,0,37.0,775.0,0,0,0
0,0,0,0,0,35.0,775.0,0,0,0
0,0,0,0,0,35.0,775.0,0,0,0
0,0,0,0,0,35.0,775.0,0,0,0
0,0,0,0,0,33.0,775.0,0,0,0
0,0,0,0,0,33.0,774.0,0,0,0
0,0,0,0,0,33.0,774.0,0,0,0
0,0,0,0,0,32.0,774.0,0,0,0
0,0,0,0,0,31.0,773.0,0,0,0
0,0,0,0,0,31.0,773.0,0,0,0
0,0,0,0,0,30.0,773.0,0,0,0
0,0,0,0,0,30.0,773.0,0,0,0
0,0,0,0,0,30.0,772.0,0,0,0
0,0,0,0,0,30.0,772.0,0,0,0
0,0,0,0,0,30.0,772.0,0,0,0
0,0,0,0,0,29.0,772.0,0,0,0
0,0,0,0,0,28.0,772.0,0,0,0
0,0,0,0,0,27.0,771.0,0,0,0
0,0,0,0,0,27.0,771.0,0,0,0
0,0,0,0,0,27.0,770.0,0,0,0
0,0,0,0,0,27.0,770.0,0,0,0
0,0,0,0,0,27.0,770.0,0,0,0
0,0,0,0,0,25.0,770.0,0,0,0
0,0,0,0,0,24.0,770.0,0,0,0
0,0,0,0,0,24.0,769.0,0,0,0
0,0,0,0,0,23.0,769.0,0,0,0
0,0,0,0,0,23.0,769.0,0,0,0
0,0,0,0,0,23.0,769.0,0,0,0
0,0,0,0,0,23.0,769.0,0,0,0
0,0,0,0,0,23.0,768.0,0,0,0
0,0,0,0,0,22.0,768.0,0,0,0
0,0,0,0,0,21.0,768.0,0,0,0
0,0,0,0,0,21.0,768.0,0,0,0
0,0,0,0,0,21.0,768.0,0,0,0
0,0,0,0,0,21.0,768.0,0,0,0
0,0,0,0,0,20.0,768.0,0,0,0
0,0,0,0,0,20.0,768.0,0,0,0
0,0,0,0,0,18.0,768.0,0,0,0
0,0,0,0,0,18.0,768.0,0,0,0
0,0,0,0,0,18.0,768.0,0,0,0
0,0,0,0,0,18.0,767.0,0,0,0
0,0,0,0,0,18.0,766.0,0,0,0
0,0,0,0,0,18.0,766.0,0,0,0
0,0,0,0,0,17.0,766.0,0,0,0
0,0,0,0,0,17.0,766.0,0,0,0
0,0,0,0,0,17.0,766.0,0,0,0
0,0,0,0,0,16.0,766.0,0,0,0
0,0,0,0,0,16.0,766.0,0,0,0
0,0,0,0,0,16.0,766.0,0,0,0
0,0,0,0,0,16.0,766.0,0,0,0
0,0,0,0,0,15.0,766.0,0,0,0
0,0,0,0,0,15.0,766.0,0,0,0
0,0,0,0,0,14.0,766.0,0,0,0
0,0,0,0,0,14.0,765.0,0,0,0
0,0,0,0,0,14.0,765.0,0,0,0
0,0,0,0,0,14.0,764.0,0,0,0
0,0,0,0,0,14.0,764.0,0,0,0
0,0,0,0,0,14.0,764.0,0,0,0
0,0,0,0,0,14.0,763.0,0,0,0
0,0,0,0,0,14.0,763.0,0,0,0
0,0,0,0,0,14.0,763.0,0,0,0
0,0,0,0,0,14.0,763.0,0,0,0
0,0,0,0,0,14.0,763.0,0,0,0
0,0,0,0,0,14.0,763.0,0,0,0
0,0,0,0,0,14.0,763.0,0,0,0
0,0,0,0,0,14.0,763.0,0,0,0
0,0,0,0,0,12.0,763.0,0,0,0
0,0,0,0,0,12.0,763.0,0,0,0
0,0,0,0,0,12.0,763.0,0,0,0
0,0,0,0,0,11.0,763.0,0,0,0
0,0,0,0,0,11.0,763.0,0,0,0
0,0,0,0,0,11.0,763.0,0,0,0
0,0,0,0,0,11.0,763.0,0,0,0
0,0,0,0,0,10.0,763.0,0,0,0
0,0,0,0,0,10.0,763.0,0,0,0
0,0,0,0,0,10.0,762.0,0,0,0
0,0,0,0,0,10.0,762.0,0,0,0
0,0,0,0,0,10.0,762.0,0,0,0
0,0,0,0,0,10.0,762.0,0,0,0
0,0,0,0,0,9.0,762.0,0,0,0
0,0,0,0,0,9.0,762.0,0,0,0
0,0,0,0,0,9.0,762.0,0,0,0
0,0,0,0,0,9.0,762.0,0,0,0
0,0,0,0,0,9.0,761.0,0,0,0
0,0,0,0,0,9.0,761.0,0,0,0
0,0,0,0,0,9.0,760.0,0,0,0
0,0,0,0,0,9.0,760.0,0,0,0
0,0,0,0,0,9.0,760.0,0,0,0
0,0,0,0,0,8.0,760.0,0,0,0
0,0,0,0,0,7.0,760.0,0,0,0
0,0,0,0,0,7.0,760.0,0,0,0
0,0,0,0,0,7.0,759.0,0,0,0
0,0,0,0,0,7.0,759.0,0,0,0
0,0,0,0,0,7.0,759.0,0,0,0
0,0,0,0,0,7.0,759.0,0,0,0
0,0,0,0,0,6.0,759.0,0,0,0
0,0,0,0,0,6.0,759.0,0,0,0
0,0,0,0,0,6.0,759.0,0,0,0
0,0,0,0,0,6.0,759.0,0,0,0
0,0,0,0,0,6.0,759.0,0,0,0
0,0,0,0,0,6.0,758.0,0,0,0
0,0,0,0,0,6.0,758.0,0,0,0
0,0,0,0,0,6.0,758.0,0,0,0
0,0,0,0,0,5.0,758.0,0,0,0
0,0,0,0,0,5.0,758.0,0,0,0
0,0,0,0,0,5.0,758.0,0,0,0
0,0,0,0,0,5.0,758.0,0,0,0
0,0,0,0,0,5.0,758.0,0,0,0
0,0,0,0,0,5.0,758.0,0,0,0
0,0,0,0,0,5.0,758.0,0,0,0
0,0,0,0,0,5.0,758.0,0,0,0
0,0,0,0,0,5.0,758.0,0,0,0
0,0,0,0,0,5.0,758.0,0,0,0
0,0,0,0,0,5.0,758.0,0,0,0
0,0,0,0,0,4.0,758.0,0,0,0
0,0,0,0,0,3.0,758.0,0,0,0
0,0,0,0,0,3.0,758.0,0,0,0
0,0,0,0,0,3.0,758.0,0,0,0
0,0,0,0,0,3.0,758.0,0,0,0
0,0,0,0,0,3.0,758.0,0,0,0
0,0,0,0,0,2.0,758.0,0,0,0
0,0,0,0,0,2.0,758.0,0,0,0
0,0,0,0,0,2.0,758.0,0,0,0
0,0,0,0,0,2.0,758.0,0,0,0
0,0,0,0,0,2.0,758.0,0,0,0
0,0,0,0,0,2.0,758.0,0,0,0
0,0,0,0,0,1.0,758.0,0,0,0
0,0,0,0,0,0,758.0,0,0,0
